id,name,uom_type_id:id
square-inamazon_ept_v10_AreaUnitOfMeasure,square-in,amazon_ept_v10.AreaUnitOfMeasure
square-ftamazon_ept_v10_AreaUnitOfMeasure,square-ft,amazon_ept_v10.AreaUnitOfMeasure
square-cmamazon_ept_v10_AreaUnitOfMeasure,square-cm,amazon_ept_v10.AreaUnitOfMeasure
square-mamazon_ept_v10_AreaUnitOfMeasure,square-m,amazon_ept_v10.AreaUnitOfMeasure
cubic_feet_per_minuteamazon_ept_v10_AirFlowDisplacementUnitOfMeasure,cubic_feet_per_minute,amazon_ept_v10.AirFlowDisplacementUnitOfMeasure
cubic_feet_per_houramazon_ept_v10_AirFlowDisplacementUnitOfMeasure,cubic_feet_per_hour,amazon_ept_v10.AirFlowDisplacementUnitOfMeasure
minutesamazon_ept_v10_BurnTimeUnitOfMeasure,minutes,amazon_ept_v10.BurnTimeUnitOfMeasure
hoursamazon_ept_v10_BurnTimeUnitOfMeasure,hours,amazon_ept_v10.BurnTimeUnitOfMeasure
cycles			amazon_ept_v10_BurnTimeUnitOfMeasure,cycles			,amazon_ept_v10.BurnTimeUnitOfMeasure
MMamazon_ept_v10_LengthUnitOfMeasure,MM,amazon_ept_v10.LengthUnitOfMeasure
CMamazon_ept_v10_LengthUnitOfMeasure,CM,amazon_ept_v10.LengthUnitOfMeasure
Mamazon_ept_v10_LengthUnitOfMeasure,M,amazon_ept_v10.LengthUnitOfMeasure
INamazon_ept_v10_LengthUnitOfMeasure,IN,amazon_ept_v10.LengthUnitOfMeasure
FTamazon_ept_v10_LengthUnitOfMeasure,FT,amazon_ept_v10.LengthUnitOfMeasure
inchesamazon_ept_v10_LengthUnitOfMeasure,inches,amazon_ept_v10.LengthUnitOfMeasure
feetamazon_ept_v10_LengthUnitOfMeasure,feet,amazon_ept_v10.LengthUnitOfMeasure
metersamazon_ept_v10_LengthUnitOfMeasure,meters,amazon_ept_v10.LengthUnitOfMeasure
decimetersamazon_ept_v10_LengthUnitOfMeasure,decimeters,amazon_ept_v10.LengthUnitOfMeasure
centimetersamazon_ept_v10_LengthUnitOfMeasure,centimeters,amazon_ept_v10.LengthUnitOfMeasure
millimetersamazon_ept_v10_LengthUnitOfMeasure,millimeters,amazon_ept_v10.LengthUnitOfMeasure
micrometersamazon_ept_v10_LengthUnitOfMeasure,micrometers,amazon_ept_v10.LengthUnitOfMeasure
nanometersamazon_ept_v10_LengthUnitOfMeasure,nanometers,amazon_ept_v10.LengthUnitOfMeasure
picometersamazon_ept_v10_LengthUnitOfMeasure,picometers,amazon_ept_v10.LengthUnitOfMeasure
lumensamazon_ept_v10_LuminanceUnitOfMeasure,lumens,amazon_ept_v10.LuminanceUnitOfMeasure
candelaamazon_ept_v10_LuminousIntensityUnitOfMeasure,candela,amazon_ept_v10.LuminousIntensityUnitOfMeasure
cubic-cmamazon_ept_v10_VolumeUnitOfMeasure,cubic-cm,amazon_ept_v10.VolumeUnitOfMeasure
cubic-ftamazon_ept_v10_VolumeUnitOfMeasure,cubic-ft,amazon_ept_v10.VolumeUnitOfMeasure
cubic-inamazon_ept_v10_VolumeUnitOfMeasure,cubic-in,amazon_ept_v10.VolumeUnitOfMeasure
cubic-mamazon_ept_v10_VolumeUnitOfMeasure,cubic-m,amazon_ept_v10.VolumeUnitOfMeasure
cubic-ydamazon_ept_v10_VolumeUnitOfMeasure,cubic-yd,amazon_ept_v10.VolumeUnitOfMeasure
cupamazon_ept_v10_VolumeUnitOfMeasure,cup,amazon_ept_v10.VolumeUnitOfMeasure
fluid-ozamazon_ept_v10_VolumeUnitOfMeasure,fluid-oz,amazon_ept_v10.VolumeUnitOfMeasure
gallonamazon_ept_v10_VolumeUnitOfMeasure,gallon,amazon_ept_v10.VolumeUnitOfMeasure
literamazon_ept_v10_VolumeUnitOfMeasure,liter,amazon_ept_v10.VolumeUnitOfMeasure
milliliteramazon_ept_v10_VolumeUnitOfMeasure,milliliter,amazon_ept_v10.VolumeUnitOfMeasure
ounceamazon_ept_v10_VolumeUnitOfMeasure,ounce,amazon_ept_v10.VolumeUnitOfMeasure
pintamazon_ept_v10_VolumeUnitOfMeasure,pint,amazon_ept_v10.VolumeUnitOfMeasure
quartamazon_ept_v10_VolumeUnitOfMeasure,quart,amazon_ept_v10.VolumeUnitOfMeasure
litersamazon_ept_v10_VolumeUnitOfMeasure,liters,amazon_ept_v10.VolumeUnitOfMeasure
decilitersamazon_ept_v10_VolumeUnitOfMeasure,deciliters,amazon_ept_v10.VolumeUnitOfMeasure
centilitersamazon_ept_v10_VolumeUnitOfMeasure,centiliters,amazon_ept_v10.VolumeUnitOfMeasure
millilitersamazon_ept_v10_VolumeUnitOfMeasure,milliliters,amazon_ept_v10.VolumeUnitOfMeasure
microlitersamazon_ept_v10_VolumeUnitOfMeasure,microliters,amazon_ept_v10.VolumeUnitOfMeasure
nanolitersamazon_ept_v10_VolumeUnitOfMeasure,nanoliters,amazon_ept_v10.VolumeUnitOfMeasure
picolitersamazon_ept_v10_VolumeUnitOfMeasure,picoliters,amazon_ept_v10.VolumeUnitOfMeasure
GRamazon_ept_v10_WeightUnitOfMeasure,GR,amazon_ept_v10.WeightUnitOfMeasure
KGamazon_ept_v10_WeightUnitOfMeasure,KG,amazon_ept_v10.WeightUnitOfMeasure
OZamazon_ept_v10_WeightUnitOfMeasure,OZ,amazon_ept_v10.WeightUnitOfMeasure
LBamazon_ept_v10_WeightUnitOfMeasure,LB,amazon_ept_v10.WeightUnitOfMeasure
MGamazon_ept_v10_WeightUnitOfMeasure,MG,amazon_ept_v10.WeightUnitOfMeasure
MMamazon_ept_v10_JewelryLengthUnitOfMeasure,MM,amazon_ept_v10.JewelryLengthUnitOfMeasure
CMamazon_ept_v10_JewelryLengthUnitOfMeasure,CM,amazon_ept_v10.JewelryLengthUnitOfMeasure
INamazon_ept_v10_JewelryLengthUnitOfMeasure,IN,amazon_ept_v10.JewelryLengthUnitOfMeasure
GRamazon_ept_v10_JewelryWeightUnitOfMeasure,GR,amazon_ept_v10.JewelryWeightUnitOfMeasure
KGamazon_ept_v10_JewelryWeightUnitOfMeasure,KG,amazon_ept_v10.JewelryWeightUnitOfMeasure
OZamazon_ept_v10_JewelryWeightUnitOfMeasure,OZ,amazon_ept_v10.JewelryWeightUnitOfMeasure
LBamazon_ept_v10_JewelryWeightUnitOfMeasure,LB,amazon_ept_v10.JewelryWeightUnitOfMeasure
CARATSamazon_ept_v10_JewelryWeightUnitOfMeasure,CARATS,amazon_ept_v10.JewelryWeightUnitOfMeasure
DWTamazon_ept_v10_JewelryWeightUnitOfMeasure,DWT,amazon_ept_v10.JewelryWeightUnitOfMeasure
degreesamazon_ept_v10_DegreeUnitOfMeasure,degrees,amazon_ept_v10.DegreeUnitOfMeasure
microradianamazon_ept_v10_DegreeUnitOfMeasure,microradian,amazon_ept_v10.DegreeUnitOfMeasure
arc_minute			amazon_ept_v10_DegreeUnitOfMeasure,arc_minute			,amazon_ept_v10.DegreeUnitOfMeasure
arc_secamazon_ept_v10_DegreeUnitOfMeasure,arc_sec,amazon_ept_v10.DegreeUnitOfMeasure
milliradianamazon_ept_v10_DegreeUnitOfMeasure,milliradian,amazon_ept_v10.DegreeUnitOfMeasure
radians			amazon_ept_v10_DegreeUnitOfMeasure,radians			,amazon_ept_v10.DegreeUnitOfMeasure
turns				amazon_ept_v10_DegreeUnitOfMeasure,turns				,amazon_ept_v10.DegreeUnitOfMeasure
revolutions				amazon_ept_v10_DegreeUnitOfMeasure,revolutions				,amazon_ept_v10.DegreeUnitOfMeasure
TBamazon_ept_v10_MemorySizeUnitOfMeasure,TB,amazon_ept_v10.MemorySizeUnitOfMeasure
GBamazon_ept_v10_MemorySizeUnitOfMeasure,GB,amazon_ept_v10.MemorySizeUnitOfMeasure
MBamazon_ept_v10_MemorySizeUnitOfMeasure,MB,amazon_ept_v10.MemorySizeUnitOfMeasure
KBamazon_ept_v10_MemorySizeUnitOfMeasure,KB,amazon_ept_v10.MemorySizeUnitOfMeasure
KOamazon_ept_v10_MemorySizeUnitOfMeasure,KO,amazon_ept_v10.MemorySizeUnitOfMeasure
MOamazon_ept_v10_MemorySizeUnitOfMeasure,MO,amazon_ept_v10.MemorySizeUnitOfMeasure
GOamazon_ept_v10_MemorySizeUnitOfMeasure,GO,amazon_ept_v10.MemorySizeUnitOfMeasure
TOamazon_ept_v10_MemorySizeUnitOfMeasure,TO,amazon_ept_v10.MemorySizeUnitOfMeasure
bytesamazon_ept_v10_MemorySizeUnitOfMeasure,bytes,amazon_ept_v10.MemorySizeUnitOfMeasure
Hzamazon_ept_v10_FrequencyUnitOfMeasure,Hz,amazon_ept_v10.FrequencyUnitOfMeasure
KHzamazon_ept_v10_FrequencyUnitOfMeasure,KHz,amazon_ept_v10.FrequencyUnitOfMeasure
MHzamazon_ept_v10_FrequencyUnitOfMeasure,MHz,amazon_ept_v10.FrequencyUnitOfMeasure
GHzamazon_ept_v10_FrequencyUnitOfMeasure,GHz,amazon_ept_v10.FrequencyUnitOfMeasure
ampsamazon_ept_v10_AmperageUnitOfMeasure,amps,amazon_ept_v10.AmperageUnitOfMeasure
kiloampsamazon_ept_v10_AmperageUnitOfMeasure,kiloamps,amazon_ept_v10.AmperageUnitOfMeasure
microampsamazon_ept_v10_AmperageUnitOfMeasure,microamps,amazon_ept_v10.AmperageUnitOfMeasure
milliampsamazon_ept_v10_AmperageUnitOfMeasure,milliamps,amazon_ept_v10.AmperageUnitOfMeasure
nanoampsamazon_ept_v10_AmperageUnitOfMeasure,nanoamps,amazon_ept_v10.AmperageUnitOfMeasure
picoampsamazon_ept_v10_AmperageUnitOfMeasure,picoamps,amazon_ept_v10.AmperageUnitOfMeasure
secamazon_ept_v10_TimeUnitOfMeasure,sec,amazon_ept_v10.TimeUnitOfMeasure
minamazon_ept_v10_TimeUnitOfMeasure,min,amazon_ept_v10.TimeUnitOfMeasure
hramazon_ept_v10_TimeUnitOfMeasure,hr,amazon_ept_v10.TimeUnitOfMeasure
daysamazon_ept_v10_TimeUnitOfMeasure,days,amazon_ept_v10.TimeUnitOfMeasure
hoursamazon_ept_v10_TimeUnitOfMeasure,hours,amazon_ept_v10.TimeUnitOfMeasure
minutesamazon_ept_v10_TimeUnitOfMeasure,minutes,amazon_ept_v10.TimeUnitOfMeasure
secondsamazon_ept_v10_TimeUnitOfMeasure,seconds,amazon_ept_v10.TimeUnitOfMeasure
millisecondsamazon_ept_v10_TimeUnitOfMeasure,milliseconds,amazon_ept_v10.TimeUnitOfMeasure
microsecondsamazon_ept_v10_TimeUnitOfMeasure,microseconds,amazon_ept_v10.TimeUnitOfMeasure
nanosecondsamazon_ept_v10_TimeUnitOfMeasure,nanoseconds,amazon_ept_v10.TimeUnitOfMeasure
picosecondsamazon_ept_v10_TimeUnitOfMeasure,picoseconds,amazon_ept_v10.TimeUnitOfMeasure
minutesamazon_ept_v10_BatteryAverageLifeUnitOfMeasure,minutes,amazon_ept_v10.BatteryAverageLifeUnitOfMeasure
hoursamazon_ept_v10_BatteryAverageLifeUnitOfMeasure,hours,amazon_ept_v10.BatteryAverageLifeUnitOfMeasure
daysamazon_ept_v10_BatteryAverageLifeUnitOfMeasure,days,amazon_ept_v10.BatteryAverageLifeUnitOfMeasure
weeksamazon_ept_v10_BatteryAverageLifeUnitOfMeasure,weeks,amazon_ept_v10.BatteryAverageLifeUnitOfMeasure
monthsamazon_ept_v10_BatteryAverageLifeUnitOfMeasure,months,amazon_ept_v10.BatteryAverageLifeUnitOfMeasure
yearsamazon_ept_v10_BatteryAverageLifeUnitOfMeasure,years,amazon_ept_v10.BatteryAverageLifeUnitOfMeasure
KHzamazon_ept_v10_DataTransferUnitOfMeasure,KHz,amazon_ept_v10.DataTransferUnitOfMeasure
MHzamazon_ept_v10_DataTransferUnitOfMeasure,MHz,amazon_ept_v10.DataTransferUnitOfMeasure
GHzamazon_ept_v10_DataTransferUnitOfMeasure,GHz,amazon_ept_v10.DataTransferUnitOfMeasure
Mbpsamazon_ept_v10_DataTransferUnitOfMeasure,Mbps,amazon_ept_v10.DataTransferUnitOfMeasure
Gbpsamazon_ept_v10_DataTransferUnitOfMeasure,Gbps,amazon_ept_v10.DataTransferUnitOfMeasure
ohmsamazon_ept_v10_ResistanceUnitOfMeasure,ohms,amazon_ept_v10.ResistanceUnitOfMeasure
daysamazon_ept_v10_DateUnitOfMeasure,days,amazon_ept_v10.DateUnitOfMeasure
weeksamazon_ept_v10_DateUnitOfMeasure,weeks,amazon_ept_v10.DateUnitOfMeasure
monthsamazon_ept_v10_DateUnitOfMeasure,months,amazon_ept_v10.DateUnitOfMeasure
yearsamazon_ept_v10_DateUnitOfMeasure,years,amazon_ept_v10.DateUnitOfMeasure
minutesamazon_ept_v10_AssemblyTimeUnitOfMeasure,minutes,amazon_ept_v10.AssemblyTimeUnitOfMeasure
hoursamazon_ept_v10_AssemblyTimeUnitOfMeasure,hours,amazon_ept_v10.AssemblyTimeUnitOfMeasure
daysamazon_ept_v10_AssemblyTimeUnitOfMeasure,days,amazon_ept_v10.AssemblyTimeUnitOfMeasure
weeksamazon_ept_v10_AssemblyTimeUnitOfMeasure,weeks,amazon_ept_v10.AssemblyTimeUnitOfMeasure
monthsamazon_ept_v10_AssemblyTimeUnitOfMeasure,months,amazon_ept_v10.AssemblyTimeUnitOfMeasure
yearsamazon_ept_v10_AssemblyTimeUnitOfMeasure,years,amazon_ept_v10.AssemblyTimeUnitOfMeasure
monthsamazon_ept_v10_AgeRecommendedUnitOfMeasure,months,amazon_ept_v10.AgeRecommendedUnitOfMeasure
yearsamazon_ept_v10_AgeRecommendedUnitOfMeasure,years,amazon_ept_v10.AgeRecommendedUnitOfMeasure
milliamp_hoursamazon_ept_v10_BatteryPowerUnitOfMeasure,milliamp_hours,amazon_ept_v10.BatteryPowerUnitOfMeasure
amp_hoursamazon_ept_v10_BatteryPowerUnitOfMeasure,amp_hours,amazon_ept_v10.BatteryPowerUnitOfMeasure
volt_amperesamazon_ept_v10_BatteryPowerUnitOfMeasure,volt_amperes,amazon_ept_v10.BatteryPowerUnitOfMeasure
watt_hoursamazon_ept_v10_BatteryPowerUnitOfMeasure,watt_hours,amazon_ept_v10.BatteryPowerUnitOfMeasure
voltsamazon_ept_v10_VoltageUnitOfMeasure,volts,amazon_ept_v10.VoltageUnitOfMeasure
millivoltsamazon_ept_v10_VoltageUnitOfMeasure,millivolts,amazon_ept_v10.VoltageUnitOfMeasure
microvoltsamazon_ept_v10_VoltageUnitOfMeasure,microvolts,amazon_ept_v10.VoltageUnitOfMeasure
nanovoltsamazon_ept_v10_VoltageUnitOfMeasure,nanovolts,amazon_ept_v10.VoltageUnitOfMeasure
kilovolts			amazon_ept_v10_VoltageUnitOfMeasure,kilovolts			,amazon_ept_v10.VoltageUnitOfMeasure
wattsamazon_ept_v10_WattageUnitOfMeasure,watts,amazon_ept_v10.WattageUnitOfMeasure
kilowatts			amazon_ept_v10_WattageUnitOfMeasure,kilowatts			,amazon_ept_v10.WattageUnitOfMeasure
millimetersamazon_ept_v10_MillimeterUnitOfMeasure,millimeters,amazon_ept_v10.MillimeterUnitOfMeasure
degrees-celsiusamazon_ept_v10_TemperatureRatingUnitOfMeasure,degrees-celsius,amazon_ept_v10.TemperatureRatingUnitOfMeasure
degrees-fahrenheitamazon_ept_v10_TemperatureRatingUnitOfMeasure,degrees-fahrenheit,amazon_ept_v10.TemperatureRatingUnitOfMeasure
kelvinamazon_ept_v10_TemperatureRatingUnitOfMeasure,kelvin,amazon_ept_v10.TemperatureRatingUnitOfMeasure
INamazon_ept_v10_ClothingSizeUnitOfMeasure,IN,amazon_ept_v10.ClothingSizeUnitOfMeasure
CMamazon_ept_v10_ClothingSizeUnitOfMeasure,CM,amazon_ept_v10.ClothingSizeUnitOfMeasure
wattsamazon_ept_v10_PowerUnitOfMeasure,watts,amazon_ept_v10.PowerUnitOfMeasure
kilowattsamazon_ept_v10_PowerUnitOfMeasure,kilowatts,amazon_ept_v10.PowerUnitOfMeasure
horsepoweramazon_ept_v10_PowerUnitOfMeasure,horsepower,amazon_ept_v10.PowerUnitOfMeasure
watts-per-secamazon_ept_v10_PowerUnitOfMeasure,watts-per-sec,amazon_ept_v10.PowerUnitOfMeasure
megapixelsamazon_ept_v10_ResolutionUnitOfMeasure,megapixels,amazon_ept_v10.ResolutionUnitOfMeasure
pixelsamazon_ept_v10_ResolutionUnitOfMeasure,pixels,amazon_ept_v10.ResolutionUnitOfMeasure
lines_per_inchamazon_ept_v10_ResolutionUnitOfMeasure,lines_per_inch,amazon_ept_v10.ResolutionUnitOfMeasure
famazon_ept_v10_ApertureUnitOfMeasure,f,amazon_ept_v10.ApertureUnitOfMeasure
framesamazon_ept_v10_ContinuousShootingUnitOfMeasure,frames,amazon_ept_v10.ContinuousShootingUnitOfMeasure
kilowatt_hoursamazon_ept_v10_EnergyConsumptionUnitOfMeasure,kilowatt_hours,amazon_ept_v10.EnergyConsumptionUnitOfMeasure
btuamazon_ept_v10_EnergyConsumptionUnitOfMeasure,btu,amazon_ept_v10.EnergyConsumptionUnitOfMeasure
kilowattsamazon_ept_v10_EnergyConsumptionUnitOfMeasure,kilowatts,amazon_ept_v10.EnergyConsumptionUnitOfMeasure
watt_hoursamazon_ept_v10_EnergyConsumptionUnitOfMeasure,watt_hours,amazon_ept_v10.EnergyConsumptionUnitOfMeasure
mAamazon_ept_v10_CurrentUnitOfMeasure,mA,amazon_ept_v10.CurrentUnitOfMeasure
Aamazon_ept_v10_CurrentUnitOfMeasure,A,amazon_ept_v10.CurrentUnitOfMeasure
newtonsamazon_ept_v10_ForceUnitOfMeasure,newtons,amazon_ept_v10.ForceUnitOfMeasure
Newtonamazon_ept_v10_ForceUnitOfMeasure,Newton,amazon_ept_v10.ForceUnitOfMeasure
poundsamazon_ept_v10_ForceUnitOfMeasure,pounds,amazon_ept_v10.ForceUnitOfMeasure
kilogramsamazon_ept_v10_ForceUnitOfMeasure,kilograms,amazon_ept_v10.ForceUnitOfMeasure
PSIamazon_ept_v10_ForceUnitOfMeasure,PSI,amazon_ept_v10.ForceUnitOfMeasure
brinnellamazon_ept_v10_HardnessUnitOfMeasure,brinnell,amazon_ept_v10.HardnessUnitOfMeasure
vickersamazon_ept_v10_HardnessUnitOfMeasure,vickers,amazon_ept_v10.HardnessUnitOfMeasure
rockwell_aamazon_ept_v10_HardnessUnitOfMeasure,rockwell_a,amazon_ept_v10.HardnessUnitOfMeasure
rockwell_bamazon_ept_v10_HardnessUnitOfMeasure,rockwell_b,amazon_ept_v10.HardnessUnitOfMeasure
rockwell_camazon_ept_v10_HardnessUnitOfMeasure,rockwell_c,amazon_ept_v10.HardnessUnitOfMeasure
rockwell_damazon_ept_v10_HardnessUnitOfMeasure,rockwell_d,amazon_ept_v10.HardnessUnitOfMeasure
shore_aamazon_ept_v10_HardnessUnitOfMeasure,shore_a,amazon_ept_v10.HardnessUnitOfMeasure
shore_bamazon_ept_v10_HardnessUnitOfMeasure,shore_b,amazon_ept_v10.HardnessUnitOfMeasure
shore_camazon_ept_v10_HardnessUnitOfMeasure,shore_c,amazon_ept_v10.HardnessUnitOfMeasure
shore_damazon_ept_v10_HardnessUnitOfMeasure,shore_d,amazon_ept_v10.HardnessUnitOfMeasure
shore_doamazon_ept_v10_HardnessUnitOfMeasure,shore_do,amazon_ept_v10.HardnessUnitOfMeasure
shore_eamazon_ept_v10_HardnessUnitOfMeasure,shore_e,amazon_ept_v10.HardnessUnitOfMeasure
shore_mamazon_ept_v10_HardnessUnitOfMeasure,shore_m,amazon_ept_v10.HardnessUnitOfMeasure
shore_oamazon_ept_v10_HardnessUnitOfMeasure,shore_o,amazon_ept_v10.HardnessUnitOfMeasure
shore_ooamazon_ept_v10_HardnessUnitOfMeasure,shore_oo,amazon_ept_v10.HardnessUnitOfMeasure
shore_oooamazon_ept_v10_HardnessUnitOfMeasure,shore_ooo,amazon_ept_v10.HardnessUnitOfMeasure
shore_ooo_samazon_ept_v10_HardnessUnitOfMeasure,shore_ooo_s,amazon_ept_v10.HardnessUnitOfMeasure
dBAamazon_ept_v10_NoiseLevelUnitOfMeasure,dBA,amazon_ept_v10.NoiseLevelUnitOfMeasure
decibelsamazon_ept_v10_NoiseLevelUnitOfMeasure,decibels,amazon_ept_v10.NoiseLevelUnitOfMeasure
sun_protection_factoramazon_ept_v10_SunProtectionUnitOfMeasure,sun_protection_factor,amazon_ept_v10.SunProtectionUnitOfMeasure
Camazon_ept_v10_TemperatureUnitOfMeasure,C,amazon_ept_v10.TemperatureUnitOfMeasure
Famazon_ept_v10_TemperatureUnitOfMeasure,F,amazon_ept_v10.TemperatureUnitOfMeasure
foot-lbsamazon_ept_v10_TorqueUnitOfMeasure,foot-lbs,amazon_ept_v10.TorqueUnitOfMeasure
inch-lbsamazon_ept_v10_TorqueUnitOfMeasure,inch-lbs,amazon_ept_v10.TorqueUnitOfMeasure
centimeter_kilogramsamazon_ept_v10_TorqueUnitOfMeasure,centimeter_kilograms,amazon_ept_v10.TorqueUnitOfMeasure
foot_poundsamazon_ept_v10_TorqueUnitOfMeasure,foot_pounds,amazon_ept_v10.TorqueUnitOfMeasure
inch_ouncesamazon_ept_v10_TorqueUnitOfMeasure,inch_ounces,amazon_ept_v10.TorqueUnitOfMeasure
inch_poundsamazon_ept_v10_TorqueUnitOfMeasure,inch_pounds,amazon_ept_v10.TorqueUnitOfMeasure
kilonewtonsamazon_ept_v10_TorqueUnitOfMeasure,kilonewtons,amazon_ept_v10.TorqueUnitOfMeasure
kilograms_per_millimeteramazon_ept_v10_TorqueUnitOfMeasure,kilograms_per_millimeter,amazon_ept_v10.TorqueUnitOfMeasure
newton_metersamazon_ept_v10_TorqueUnitOfMeasure,newton_meters,amazon_ept_v10.TorqueUnitOfMeasure
newton_millimetersamazon_ept_v10_TorqueUnitOfMeasure,newton_millimeters,amazon_ept_v10.TorqueUnitOfMeasure
newtonsamazon_ept_v10_TorqueUnitOfMeasure,newtons,amazon_ept_v10.TorqueUnitOfMeasure
milliliters per secondamazon_ept_v10_VolumeRateUnitOfMeasure,milliliters per second,amazon_ept_v10.VolumeRateUnitOfMeasure
centiliters per secondamazon_ept_v10_VolumeRateUnitOfMeasure,centiliters per second,amazon_ept_v10.VolumeRateUnitOfMeasure
liters per secondamazon_ept_v10_VolumeRateUnitOfMeasure,liters per second,amazon_ept_v10.VolumeRateUnitOfMeasure
milliliters per minuteamazon_ept_v10_VolumeRateUnitOfMeasure,milliliters per minute,amazon_ept_v10.VolumeRateUnitOfMeasure
liters per minuteamazon_ept_v10_VolumeRateUnitOfMeasure,liters per minute,amazon_ept_v10.VolumeRateUnitOfMeasure
microliters per secondamazon_ept_v10_VolumeRateUnitOfMeasure,microliters per second,amazon_ept_v10.VolumeRateUnitOfMeasure
nanoliters per secondamazon_ept_v10_VolumeRateUnitOfMeasure,nanoliters per second,amazon_ept_v10.VolumeRateUnitOfMeasure
picoliters per secondamazon_ept_v10_VolumeRateUnitOfMeasure,picoliters per second,amazon_ept_v10.VolumeRateUnitOfMeasure
microliters per minuteamazon_ept_v10_VolumeRateUnitOfMeasure,microliters per minute,amazon_ept_v10.VolumeRateUnitOfMeasure
nanoliters per minuteamazon_ept_v10_VolumeRateUnitOfMeasure,nanoliters per minute,amazon_ept_v10.VolumeRateUnitOfMeasure
picoliters per minuteamazon_ept_v10_VolumeRateUnitOfMeasure,picoliters per minute,amazon_ept_v10.VolumeRateUnitOfMeasure
gallons_per_dayamazon_ept_v10_VolumeRateUnitOfMeasure,gallons_per_day,amazon_ept_v10.VolumeRateUnitOfMeasure
liters_per_dayamazon_ept_v10_VolumeRateUnitOfMeasure,liters_per_day,amazon_ept_v10.VolumeRateUnitOfMeasure
liters			amazon_ept_v10_VolumeRateUnitOfMeasure,liters			,amazon_ept_v10.VolumeRateUnitOfMeasure
cubic_centimetersamazon_ept_v10_CapacityUnitMeasure,cubic_centimeters,amazon_ept_v10.CapacityUnitMeasure
cubic_feetamazon_ept_v10_CapacityUnitMeasure,cubic_feet,amazon_ept_v10.CapacityUnitMeasure
cubic_inchesamazon_ept_v10_CapacityUnitMeasure,cubic_inches,amazon_ept_v10.CapacityUnitMeasure
cubic_metersamazon_ept_v10_CapacityUnitMeasure,cubic_meters,amazon_ept_v10.CapacityUnitMeasure
cubic_yardsamazon_ept_v10_CapacityUnitMeasure,cubic_yards,amazon_ept_v10.CapacityUnitMeasure
cupsamazon_ept_v10_CapacityUnitMeasure,cups,amazon_ept_v10.CapacityUnitMeasure
fluid_ouncesamazon_ept_v10_CapacityUnitMeasure,fluid_ounces,amazon_ept_v10.CapacityUnitMeasure
gallonsamazon_ept_v10_CapacityUnitMeasure,gallons,amazon_ept_v10.CapacityUnitMeasure
imperial_gallonsamazon_ept_v10_CapacityUnitMeasure,imperial_gallons,amazon_ept_v10.CapacityUnitMeasure
litersamazon_ept_v10_CapacityUnitMeasure,liters,amazon_ept_v10.CapacityUnitMeasure
millilitersamazon_ept_v10_CapacityUnitMeasure,milliliters,amazon_ept_v10.CapacityUnitMeasure
ouncesamazon_ept_v10_CapacityUnitMeasure,ounces,amazon_ept_v10.CapacityUnitMeasure
pintsamazon_ept_v10_CapacityUnitMeasure,pints,amazon_ept_v10.CapacityUnitMeasure
quartsamazon_ept_v10_CapacityUnitMeasure,quarts,amazon_ept_v10.CapacityUnitMeasure
decilitersamazon_ept_v10_CapacityUnitMeasure,deciliters,amazon_ept_v10.CapacityUnitMeasure
centilitersamazon_ept_v10_CapacityUnitMeasure,centiliters,amazon_ept_v10.CapacityUnitMeasure
microlitersamazon_ept_v10_CapacityUnitMeasure,microliters,amazon_ept_v10.CapacityUnitMeasure
nanolitersamazon_ept_v10_CapacityUnitMeasure,nanoliters,amazon_ept_v10.CapacityUnitMeasure
picolitersamazon_ept_v10_CapacityUnitMeasure,picoliters,amazon_ept_v10.CapacityUnitMeasure
gramsamazon_ept_v10_CapacityUnitMeasure,grams,amazon_ept_v10.CapacityUnitMeasure
kilogramsamazon_ept_v10_CapacityUnitMeasure,kilograms,amazon_ept_v10.CapacityUnitMeasure
ouncesamazon_ept_v10_CapacityUnitMeasure,ounces,amazon_ept_v10.CapacityUnitMeasure
poundsamazon_ept_v10_CapacityUnitMeasure,pounds,amazon_ept_v10.CapacityUnitMeasure
milligramsamazon_ept_v10_CapacityUnitMeasure,milligrams,amazon_ept_v10.CapacityUnitMeasure
adult_usamazon_ept_v10_BootSizeUnitOfMeasure,adult_us,amazon_ept_v10.BootSizeUnitOfMeasure
CMamazon_ept_v10_CycleLengthUnitOfMeasure,CM,amazon_ept_v10.CycleLengthUnitOfMeasure
INamazon_ept_v10_CycleLengthUnitOfMeasure,IN,amazon_ept_v10.CycleLengthUnitOfMeasure
CMamazon_ept_v10_NeckSizeUnitOfMeasure,CM,amazon_ept_v10.NeckSizeUnitOfMeasure
INamazon_ept_v10_NeckSizeUnitOfMeasure,IN,amazon_ept_v10.NeckSizeUnitOfMeasure
MMamazon_ept_v10_NeckSizeUnitOfMeasure,MM,amazon_ept_v10.NeckSizeUnitOfMeasure
Mamazon_ept_v10_NeckSizeUnitOfMeasure,M,amazon_ept_v10.NeckSizeUnitOfMeasure
FTamazon_ept_v10_NeckSizeUnitOfMeasure,FT,amazon_ept_v10.NeckSizeUnitOfMeasure
multiplier_xamazon_ept_v10_MagnificationUnitOfMeasure,multiplier_x,amazon_ept_v10.MagnificationUnitOfMeasure
dioptersamazon_ept_v10_MagnificationUnitOfMeasure,diopters,amazon_ept_v10.MagnificationUnitOfMeasure
percent_by_volumeamazon_ept_v10_AlcoholContentUnitOfMeasure,percent_by_volume,amazon_ept_v10.AlcoholContentUnitOfMeasure
percent_by_weightamazon_ept_v10_AlcoholContentUnitOfMeasure,percent_by_weight,amazon_ept_v10.AlcoholContentUnitOfMeasure
unit_of_alcoholamazon_ept_v10_AlcoholContentUnitOfMeasure,unit_of_alcohol,amazon_ept_v10.AlcoholContentUnitOfMeasure
tonsamazon_ept_v10_VineyardYieldUnitOfMeasure,tons,amazon_ept_v10.VineyardYieldUnitOfMeasure
brixamazon_ept_v10_SweetnessAtHarvestUnitOfMeasure,brix,amazon_ept_v10.SweetnessAtHarvestUnitOfMeasure
feet_per_minuteamazon_ept_v10_SpeedUnitOfMeasure,feet_per_minute,amazon_ept_v10.SpeedUnitOfMeasure
miles_per_houramazon_ept_v10_SpeedUnitOfMeasure,miles_per_hour,amazon_ept_v10.SpeedUnitOfMeasure
kilometers_per_houramazon_ept_v10_SpeedUnitOfMeasure,kilometers_per_hour,amazon_ept_v10.SpeedUnitOfMeasure
RPMamazon_ept_v10_SpeedUnitOfMeasure,RPM,amazon_ept_v10.SpeedUnitOfMeasure
RPSamazon_ept_v10_SpeedUnitOfMeasure,RPS,amazon_ept_v10.SpeedUnitOfMeasure
meters per secondamazon_ept_v10_SpeedUnitOfMeasure,meters per second,amazon_ept_v10.SpeedUnitOfMeasure
centimeters per secondamazon_ept_v10_SpeedUnitOfMeasure,centimeters per second,amazon_ept_v10.SpeedUnitOfMeasure
millimeters per secondamazon_ept_v10_SpeedUnitOfMeasure,millimeters per second,amazon_ept_v10.SpeedUnitOfMeasure
BTUamazon_ept_v10_EnergyUnitOfMeasure,BTU,amazon_ept_v10.EnergyUnitOfMeasure
wattsamazon_ept_v10_EnergyUnitOfMeasure,watts,amazon_ept_v10.EnergyUnitOfMeasure
joulesamazon_ept_v10_EnergyUnitOfMeasure,joules,amazon_ept_v10.EnergyUnitOfMeasure
kilojoulesamazon_ept_v10_EnergyUnitOfMeasure,kilojoules,amazon_ept_v10.EnergyUnitOfMeasure
ResolvingPowerUnitOfMeasure_arcs,arcs-per-sec,amazon_ept_v10.ResolvingPowerUnitOfMeasure
arc*sec_dawes_limit_unit_measure,arc*sec,amazon_ept_v10.DawesLimitUnitOfMeasure
CID_1,CID,amazon_ept_v10.EngineDisplacement_uom
CID_2,1,amazon_ept_v10.EngineDisplacement_uom
CID_3,cc,amazon_ept_v10.EngineDisplacement_uom
kilo2,kilometer,amazon_ept_v10.MaximumPitchSpeed_uom
kilo3,mph,amazon_ept_v10.MaximumPitchSpeed_uom
psi_amazon,psi,amazon_ept_v10.ShearStrengthUnitOfMeasure
Pixels_12,pixels,amazon_ept_v10.PixelUnitOfMeasure
MP_12321,MP,amazon_ept_v10.PixelUnitOfMeasure
xxxq22,x,amazon_ept_v10.ZoomUnitOfMeasure
Bars_12,bars,amazon_ept_v10.PressureUnitOfMeasure
Bars_13,psi,amazon_ept_v10.PressureUnitOfMeasure
Bars_14,pascal,amazon_ept_v10.PressureUnitOfMeasure
milliliters per secondand_rate,milliliters per second,amazon_ept_v10.VolumeAndVolumeRateUnitOfMeasure
centiliters per secondand_rate,centiliters per second,amazon_ept_v10.VolumeAndVolumeRateUnitOfMeasure
liters per secondand_rate,liters per second,amazon_ept_v10.VolumeAndVolumeRateUnitOfMeasure
milliliters per minuteand_rate,milliliters per minute,amazon_ept_v10.VolumeAndVolumeRateUnitOfMeasure
liters per minuteand_rate,liters per minute,amazon_ept_v10.VolumeAndVolumeRateUnitOfMeasure
microliters per secondand_rate,microliters per second,amazon_ept_v10.VolumeAndVolumeRateUnitOfMeasure
nanoliters per secondand_rate,nanoliters per second,amazon_ept_v10.VolumeAndVolumeRateUnitOfMeasure
picoliters per secondand_rate,picoliters per second,amazon_ept_v10.VolumeAndVolumeRateUnitOfMeasure
microliters per minuteand_rate,microliters per minute,amazon_ept_v10.VolumeAndVolumeRateUnitOfMeasure
nanoliters per minuteand_rate,nanoliters per minute,amazon_ept_v10.VolumeAndVolumeRateUnitOfMeasure
picoliters per minuteand_rate,picoliters per minute,amazon_ept_v10.VolumeAndVolumeRateUnitOfMeasure
gallons_per_dayand_rate,gallons_per_day,amazon_ept_v10.VolumeAndVolumeRateUnitOfMeasure
liters_per_dayand_rate,liters_per_day,amazon_ept_v10.VolumeAndVolumeRateUnitOfMeasure
liters			and_rate,liters			,amazon_ept_v10.VolumeAndVolumeRateUnitOfMeasure
cubic-cmand_rate,cubic-cm,amazon_ept_v10.VolumeAndVolumeRateUnitOfMeasure
cubic-ftand_rate,cubic-ft,amazon_ept_v10.VolumeAndVolumeRateUnitOfMeasure
cubic-inand_rate,cubic-in,amazon_ept_v10.VolumeAndVolumeRateUnitOfMeasure
cubic-mand_rate,cubic-m,amazon_ept_v10.VolumeAndVolumeRateUnitOfMeasure
cubic-ydand_rate,cubic-yd,amazon_ept_v10.VolumeAndVolumeRateUnitOfMeasure
cupand_rate,cup,amazon_ept_v10.VolumeAndVolumeRateUnitOfMeasure
fluid-ozand_rate,fluid-oz,amazon_ept_v10.VolumeAndVolumeRateUnitOfMeasure
gallonand_rate,gallon,amazon_ept_v10.VolumeAndVolumeRateUnitOfMeasure
literand_rate,liter,amazon_ept_v10.VolumeAndVolumeRateUnitOfMeasure
milliliterand_rate,milliliter,amazon_ept_v10.VolumeAndVolumeRateUnitOfMeasure
ounceand_rate,ounce,amazon_ept_v10.VolumeAndVolumeRateUnitOfMeasure
pintand_rate,pint,amazon_ept_v10.VolumeAndVolumeRateUnitOfMeasure
quartand_rate,quart,amazon_ept_v10.VolumeAndVolumeRateUnitOfMeasure
litersand_rate,liters,amazon_ept_v10.VolumeAndVolumeRateUnitOfMeasure
decilitersand_rate,deciliters,amazon_ept_v10.VolumeAndVolumeRateUnitOfMeasure
centilitersand_rate,centiliters,amazon_ept_v10.VolumeAndVolumeRateUnitOfMeasure
millilitersand_rate,milliliters,amazon_ept_v10.VolumeAndVolumeRateUnitOfMeasure
microlitersand_rate,microliters,amazon_ept_v10.VolumeAndVolumeRateUnitOfMeasure
nanolitersand_rate,nanoliters,amazon_ept_v10.VolumeAndVolumeRateUnitOfMeasure
picolitersand_rate,picoliters,amazon_ept_v10.VolumeAndVolumeRateUnitOfMeasure
MMgua_int,MM,amazon_ept_v10.GraduationIntervalUnitOfMeasure
CMgua_int,CM,amazon_ept_v10.GraduationIntervalUnitOfMeasure
Mgua_int,M,amazon_ept_v10.GraduationIntervalUnitOfMeasure
INgua_int,IN,amazon_ept_v10.GraduationIntervalUnitOfMeasure
FTgua_int,FT,amazon_ept_v10.GraduationIntervalUnitOfMeasure
inchesgua_int,inches,amazon_ept_v10.GraduationIntervalUnitOfMeasure
feetgua_int,feet,amazon_ept_v10.GraduationIntervalUnitOfMeasure
metersgua_int,meters,amazon_ept_v10.GraduationIntervalUnitOfMeasure
decimetersgua_int,decimeters,amazon_ept_v10.GraduationIntervalUnitOfMeasure
centimetersgua_int,centimeters,amazon_ept_v10.GraduationIntervalUnitOfMeasure
millimetersgua_int,millimeters,amazon_ept_v10.GraduationIntervalUnitOfMeasure
micrometersgua_int,micrometers,amazon_ept_v10.GraduationIntervalUnitOfMeasure
nanometersgua_int,nanometers,amazon_ept_v10.GraduationIntervalUnitOfMeasure
picometersgua_int,picometers,amazon_ept_v10.GraduationIntervalUnitOfMeasure
cubic-cmgua_int,cubic-cm,amazon_ept_v10.GraduationIntervalUnitOfMeasure
cubic-ftgua_int,cubic-ft,amazon_ept_v10.GraduationIntervalUnitOfMeasure
cubic-ingua_int,cubic-in,amazon_ept_v10.GraduationIntervalUnitOfMeasure
cubic-mgua_int,cubic-m,amazon_ept_v10.GraduationIntervalUnitOfMeasure
cubic-ydgua_int,cubic-yd,amazon_ept_v10.GraduationIntervalUnitOfMeasure
cupgua_int,cup,amazon_ept_v10.GraduationIntervalUnitOfMeasure
fluid-ozgua_int,fluid-oz,amazon_ept_v10.GraduationIntervalUnitOfMeasure
gallongua_int,gallon,amazon_ept_v10.GraduationIntervalUnitOfMeasure
litergua_int,liter,amazon_ept_v10.GraduationIntervalUnitOfMeasure
millilitergua_int,milliliter,amazon_ept_v10.GraduationIntervalUnitOfMeasure
ouncegua_int,ounce,amazon_ept_v10.GraduationIntervalUnitOfMeasure
pintgua_int,pint,amazon_ept_v10.GraduationIntervalUnitOfMeasure
quartgua_int,quart,amazon_ept_v10.GraduationIntervalUnitOfMeasure
litersgua_int,liters,amazon_ept_v10.GraduationIntervalUnitOfMeasure
decilitersgua_int,deciliters,amazon_ept_v10.GraduationIntervalUnitOfMeasure
centilitersgua_int,centiliters,amazon_ept_v10.GraduationIntervalUnitOfMeasure
millilitersgua_int,milliliters,amazon_ept_v10.GraduationIntervalUnitOfMeasure
microlitersgua_int,microliters,amazon_ept_v10.GraduationIntervalUnitOfMeasure
nanolitersgua_int,nanoliters,amazon_ept_v10.GraduationIntervalUnitOfMeasure
picolitersgua_int,picoliters,amazon_ept_v10.GraduationIntervalUnitOfMeasure
GRgua_int,GR,amazon_ept_v10.GraduationIntervalUnitOfMeasure
KGgua_int,KG,amazon_ept_v10.GraduationIntervalUnitOfMeasure
OZgua_int,OZ,amazon_ept_v10.GraduationIntervalUnitOfMeasure
LBgua_int,LB,amazon_ept_v10.GraduationIntervalUnitOfMeasure
MGgua_int,MG,amazon_ept_v10.GraduationIntervalUnitOfMeasure
btus_energy_outout_unit_of_measure,btus,amazon_ept_v10.MaxEnergyOutputUnitOfMeasure
micrometer_filter_pure_size,micrometer,amazon_ept_v10.FilterPoreSizeUnitOfMeasure
pounds_ice_capacity,pounds,amazon_ept_v10.IceCapacityUnitOfMeasure
MaxRotationSpeedUnitOfMeasure_rom,rpm,amazon_ept_v10.MaxRotationSpeedUnitOfMeasure
unknown_modifierunknown,unknown_modifier,amazon_ept_v10.UnknownOpticalUnitOfMeasure
dioptersunknown,diopters,amazon_ept_v10.UnknownOpticalUnitOfMeasure
kbpsdata_transfer,kbps,amazon_ept_v10.DataTransferSpeedUnitOfMeasure
mbpsdata_transfer,mbps,amazon_ept_v10.DataTransferSpeedUnitOfMeasure
gbpsdata_transfer,gbps,amazon_ept_v10.DataTransferSpeedUnitOfMeasure
PPS_table_rate_unit_of_measure,PPS,amazon_ept_v10.TabletDataRateUnitOfMeasure
lpi_TabletResolutionUnitOfMeasure,lpi,amazon_ept_v10.TabletResolutionUnitOfMeasure
bits_memory_interface_unit_of_measure,bits,amazon_ept_v10.MemoryInterfaceUnitOfMeasure
cfm_air_flow_uom_ept,CFM,amazon_ept_v10.AirflowUnitOfMeasure
levels_unit_of_measure_pressure,levels,amazon_ept_v10.PressureLevelUnitOfMeasure
