id,name,amazon_categ_id:id,sequence
ColorNamethreedprinting,ColorName,amazon_ept_v10.amazon_threedprinting,1
Materialthreedprinting,Material,amazon_ept_v10.amazon_threedprinting,2
Material-Colorthreedprinting,Material-Color,amazon_ept_v10.amazon_threedprinting,3
Material-Sizethreedprinting,Material-Size,amazon_ept_v10.amazon_threedprinting,4
SizeNamethreedprinting,SizeName,amazon_ept_v10.amazon_threedprinting,5
SizeName-ColorNamethreedprinting,SizeName-ColorName,amazon_ept_v10.amazon_threedprinting,6
Sizecloth_access,Size,amazon_ept_v10.clothingaccessories,7
Colorcloth_access,Color,amazon_ept_v10.clothingaccessories,8
SizeColorcloth_access,SizeColor,amazon_ept_v10.clothingaccessories,9
Sizebeauty,Size,amazon_ept_v10.amazon_beauty,10
Capacitybeauty,Capacity,amazon_ept_v10.amazon_beauty,11
Colorbeauty,Color,amazon_ept_v10.amazon_beauty,12
Size-Colorbeauty,Size-Color,amazon_ept_v10.amazon_beauty,13
Scentbeauty,Scent,amazon_ept_v10.amazon_beauty,14
Size-Scentbeauty,Size-Scent,amazon_ept_v10.amazon_beauty,15
PatternNamebeauty,PatternName,amazon_ept_v10.amazon_beauty,16
Size-UnitCountbeauty,Size-UnitCount,amazon_ept_v10.amazon_beauty,17
Sizeclothing,Size,amazon_ept_v10.amazon_product_clothing,18
Colorclothing,Color,amazon_ept_v10.amazon_product_clothing,19
SizeColorclothing,SizeColor,amazon_ept_v10.amazon_product_clothing,20
Color-Itempackagequantityclothing,Color-Itempackagequantity,amazon_ept_v10.amazon_product_clothing,21
Color-Materialclothing,Color-Material,amazon_ept_v10.amazon_product_clothing,22
Color-Patternnameclothing,Color-Patternname,amazon_ept_v10.amazon_product_clothing,23
ColorSizeclothing,ColorSize,amazon_ept_v10.amazon_product_clothing,24
Itempackagequantityclothing,Itempackagequantity,amazon_ept_v10.amazon_product_clothing,25
Itempackagequantity-Colorclothing,Itempackagequantity-Color,amazon_ept_v10.amazon_product_clothing,26
Itempackagequantity-Materialclothing,Itempackagequantity-Material,amazon_ept_v10.amazon_product_clothing,27
Itempackagequantity-Sizeclothing,Itempackagequantity-Size,amazon_ept_v10.amazon_product_clothing,28
Materialclothing,Material,amazon_ept_v10.amazon_product_clothing,29
Material-Colorclothing,Material-Color,amazon_ept_v10.amazon_product_clothing,30
Material-Patternnameclothing,Material-Patternname,amazon_ept_v10.amazon_product_clothing,31
Material-Sizeclothing,Material-Size,amazon_ept_v10.amazon_product_clothing,32
Patternnameclothing,Patternname,amazon_ept_v10.amazon_product_clothing,33
Patternname-Colorclothing,Patternname-Color,amazon_ept_v10.amazon_product_clothing,34
Patternname-Materialclothing,Patternname-Material,amazon_ept_v10.amazon_product_clothing,35
Patternname-Sizeclothing,Patternname-Size,amazon_ept_v10.amazon_product_clothing,36
Size-Materialclothing,Size-Material,amazon_ept_v10.amazon_product_clothing,37
Size-Patternnameclothing,Size-Patternname,amazon_ept_v10.amazon_product_clothing,38
Cupsizeclothing,Cupsize,amazon_ept_v10.amazon_product_clothing,39
Cupsize-Colorclothing,Cupsize-Color,amazon_ept_v10.amazon_product_clothing,40
Cupsize-Color-Sizeclothing,Cupsize-Color-Size,amazon_ept_v10.amazon_product_clothing,41
Cupsize-Sizeclothing,Cupsize-Size,amazon_ept_v10.amazon_product_clothing,42
Sizegourmet,Size,amazon_ept_v10.amazon_gourmet,43
Colorgourmet,Color,amazon_ept_v10.amazon_gourmet,44
Flavorgourmet,Flavor,amazon_ept_v10.amazon_gourmet,45
Flavor-Sizegourmet,Flavor-Size,amazon_ept_v10.amazon_gourmet,46
AgeGenderCategorysports,AgeGenderCategory,amazon_ept_v10.amazon_sports,47
Amperagesports,Amperage,amazon_ept_v10.amazon_sports,48
BikeRimSizesports,BikeRimSize,amazon_ept_v10.amazon_sports,49
BikeRimSizeMaterialsports,BikeRimSizeMaterial,amazon_ept_v10.amazon_sports,50
BootSizesports,BootSize,amazon_ept_v10.amazon_sports,51
BootSizeCalfSizesports,BootSizeCalfSize,amazon_ept_v10.amazon_sports,52
CalfSizesports,CalfSize,amazon_ept_v10.amazon_sports,53
Calibersports,Caliber,amazon_ept_v10.amazon_sports,54
CaliberRoundssports,CaliberRounds,amazon_ept_v10.amazon_sports,55
Capacitysports,Capacity,amazon_ept_v10.amazon_sports,56
Colorsports,Color,amazon_ept_v10.amazon_sports,57
ColorDesignsports,ColorDesign,amazon_ept_v10.amazon_sports,58
ColorFlavorsports,ColorFlavor,amazon_ept_v10.amazon_sports,59
ColorItemThicknesssports,ColorItemThickness,amazon_ept_v10.amazon_sports,60
ColorLengthsports,ColorLength,amazon_ept_v10.amazon_sports,61
ColorLensColorsports,ColorLensColor,amazon_ept_v10.amazon_sports,62
ColorQuantitysports,ColorQuantity,amazon_ept_v10.amazon_sports,63
ColorRoundssports,ColorRounds,amazon_ept_v10.amazon_sports,64
ColorShaftMaterialsports,ColorShaftMaterial,amazon_ept_v10.amazon_sports,65
ColorShaftTypesports,ColorShaftType,amazon_ept_v10.amazon_sports,66
ColorShapesports,ColorShape,amazon_ept_v10.amazon_sports,67
ColorSizesports,ColorSize,amazon_ept_v10.amazon_sports,68
ColorStylesports,ColorStyle,amazon_ept_v10.amazon_sports,69
ColorTensionLevelsports,ColorTensionLevel,amazon_ept_v10.amazon_sports,70
ColorWattagesports,ColorWattage,amazon_ept_v10.amazon_sports,71
ColorWeightsports,ColorWeight,amazon_ept_v10.amazon_sports,72
ColorWheelSizesports,ColorWheelSize,amazon_ept_v10.amazon_sports,73
ColorWidthsports,ColorWidth,amazon_ept_v10.amazon_sports,74
Curvaturesports,Curvature,amazon_ept_v10.amazon_sports,75
CurvatureHandsports,CurvatureHand,amazon_ept_v10.amazon_sports,76
Designsports,Design,amazon_ept_v10.amazon_sports,77
DesignFlavorsports,DesignFlavor,amazon_ept_v10.amazon_sports,78
DesignLengthsports,DesignLength,amazon_ept_v10.amazon_sports,79
DesignLensColorsports,DesignLensColor,amazon_ept_v10.amazon_sports,80
DesignShaftMaterialsports,DesignShaftMaterial,amazon_ept_v10.amazon_sports,81
DesignShaftTypesports,DesignShaftType,amazon_ept_v10.amazon_sports,82
DesignShapesports,DesignShape,amazon_ept_v10.amazon_sports,83
DesignSizesports,DesignSize,amazon_ept_v10.amazon_sports,84
DesignStylesports,DesignStyle,amazon_ept_v10.amazon_sports,85
DesignTensionLevelsports,DesignTensionLevel,amazon_ept_v10.amazon_sports,86
DesignWeightsports,DesignWeight,amazon_ept_v10.amazon_sports,87
DesignWheelSizesports,DesignWheelSize,amazon_ept_v10.amazon_sports,88
DesignWidthsports,DesignWidth,amazon_ept_v10.amazon_sports,89
Diametersports,Diameter,amazon_ept_v10.amazon_sports,90
DivingHoodThicknesssports,DivingHoodThickness,amazon_ept_v10.amazon_sports,91
FencingPommelTypesports,FencingPommelType,amazon_ept_v10.amazon_sports,92
FencingPommelTypeGripTypesports,FencingPommelTypeGripType,amazon_ept_v10.amazon_sports,93
Flavorsports,Flavor,amazon_ept_v10.amazon_sports,94
FlavorSizesports,FlavorSize,amazon_ept_v10.amazon_sports,95
GolfFlexsports,GolfFlex,amazon_ept_v10.amazon_sports,96
GolfFlexGolfLoftsports,GolfFlexGolfLoft,amazon_ept_v10.amazon_sports,97
GolfFlexMaterialsports,GolfFlexMaterial,amazon_ept_v10.amazon_sports,98
GolfFlexShaftMaterialsports,GolfFlexShaftMaterial,amazon_ept_v10.amazon_sports,99
GolfLoftsports,GolfLoft,amazon_ept_v10.amazon_sports,100
GolfLoftShaftMaterialsports,GolfLoftShaftMaterial,amazon_ept_v10.amazon_sports,101
GripSizesports,GripSize,amazon_ept_v10.amazon_sports,102
GripSizeGripTypesports,GripSizeGripType,amazon_ept_v10.amazon_sports,103
GripSizeHeadSizesports,GripSizeHeadSize,amazon_ept_v10.amazon_sports,104
GripTypesports,GripType,amazon_ept_v10.amazon_sports,105
Handsports,Hand,amazon_ept_v10.amazon_sports,106
HandBounceGolfFlexsports,HandBounceGolfFlex,amazon_ept_v10.amazon_sports,107
HandBounceShaftTypeGolfFlexsports,HandBounceShaftTypeGolfFlex,amazon_ept_v10.amazon_sports,108
HandClubGolfFlexsports,HandClubGolfFlex,amazon_ept_v10.amazon_sports,109
HandClubShaftTypeGolfFlexsports,HandClubShaftTypeGolfFlex,amazon_ept_v10.amazon_sports,110
HandGolfFlexsports,HandGolfFlex,amazon_ept_v10.amazon_sports,111
HandIronsGolfFlexsports,HandIronsGolfFlex,amazon_ept_v10.amazon_sports,112
HandIronsLieAngleGolfFlexsports,HandIronsLieAngleGolfFlex,amazon_ept_v10.amazon_sports,113
HandIronsLieAngleShaftTypeGolfFlexsports,HandIronsLieAngleShaftTypeGolfFlex,amazon_ept_v10.amazon_sports,114
HandIronsShaftTypeGolfFlexsports,HandIronsShaftTypeGolfFlex,amazon_ept_v10.amazon_sports,115
HandLengthsports,HandLength,amazon_ept_v10.amazon_sports,116
HandLieAnglesports,HandLieAngle,amazon_ept_v10.amazon_sports,117
HandLieAngleGolfFlexsports,HandLieAngleGolfFlex,amazon_ept_v10.amazon_sports,118
HandLieAngleLengthsports,HandLieAngleLength,amazon_ept_v10.amazon_sports,119
HandLieAngleShaftTypesports,HandLieAngleShaftType,amazon_ept_v10.amazon_sports,120
HandLieAngleShaftTypeGolfFlexsports,HandLieAngleShaftTypeGolfFlex,amazon_ept_v10.amazon_sports,121
HandLieAngleShaftTypeLengthsports,HandLieAngleShaftTypeLength,amazon_ept_v10.amazon_sports,122
HandGolfLoftBounceGolfFlexsports,HandGolfLoftBounceGolfFlex,amazon_ept_v10.amazon_sports,123
HandGolfLoftBounceShaftTypeGolfFlexsports,HandGolfLoftBounceShaftTypeGolfFlex,amazon_ept_v10.amazon_sports,124
HandGolfLoftGolfFlexsports,HandGolfLoftGolfFlex,amazon_ept_v10.amazon_sports,125
HandGolfLoftShaftTypeGolfFlexsports,HandGolfLoftShaftTypeGolfFlex,amazon_ept_v10.amazon_sports,126
HandModelsports,HandModel,amazon_ept_v10.amazon_sports,127
HandModelLengthsports,HandModelLength,amazon_ept_v10.amazon_sports,128
HandModelShaftTypesports,HandModelShaftType,amazon_ept_v10.amazon_sports,129
HandModelShaftTypeLengthsports,HandModelShaftTypeLength,amazon_ept_v10.amazon_sports,130
HandShaftLengthsports,HandShaftLength,amazon_ept_v10.amazon_sports,131
HandShaftMaterialGolfFlexsports,HandShaftMaterialGolfFlex,amazon_ept_v10.amazon_sports,132
HandShaftMaterialGolfFlexGolfLoftsports,HandShaftMaterialGolfFlexGolfLoft,amazon_ept_v10.amazon_sports,133
HandShaftTypesports,HandShaftType,amazon_ept_v10.amazon_sports,134
HandShaftTypeGolfFlexsports,HandShaftTypeGolfFlex,amazon_ept_v10.amazon_sports,135
HandShaftTypeLengthsports,HandShaftTypeLength,amazon_ept_v10.amazon_sports,136
HandSizesports,HandSize,amazon_ept_v10.amazon_sports,137
HandTensionLevelsports,HandTensionLevel,amazon_ept_v10.amazon_sports,138
HandWeightsports,HandWeight,amazon_ept_v10.amazon_sports,139
HandWoodGolfFlexsports,HandWoodGolfFlex,amazon_ept_v10.amazon_sports,140
HandWoodShaftTypeGolfFlexsports,HandWoodShaftTypeGolfFlex,amazon_ept_v10.amazon_sports,141
HeadSizesports,HeadSize,amazon_ept_v10.amazon_sports,142
HeadSizeShapesports,HeadSizeShape,amazon_ept_v10.amazon_sports,143
Heightsports,Height,amazon_ept_v10.amazon_sports,144
HeightSizesports,HeightSize,amazon_ept_v10.amazon_sports,145
HeightStylesports,HeightStyle,amazon_ept_v10.amazon_sports,146
HeightWeightsports,HeightWeight,amazon_ept_v10.amazon_sports,147
HeightWidthsports,HeightWidth,amazon_ept_v10.amazon_sports,148
ItemThicknesssports,ItemThickness,amazon_ept_v10.amazon_sports,149
Lengthsports,Length,amazon_ept_v10.amazon_sports,150
LengthLineCapacitysports,LengthLineCapacity,amazon_ept_v10.amazon_sports,151
LengthLineWeightsports,LengthLineWeight,amazon_ept_v10.amazon_sports,152
LengthMaterialsports,LengthMaterial,amazon_ept_v10.amazon_sports,153
LengthShaftTypesports,LengthShaftType,amazon_ept_v10.amazon_sports,154
LengthSizesports,LengthSize,amazon_ept_v10.amazon_sports,155
LengthStylesports,LengthStyle,amazon_ept_v10.amazon_sports,156
LengthWeightsports,LengthWeight,amazon_ept_v10.amazon_sports,157
LengthWeightSupportedsports,LengthWeightSupported,amazon_ept_v10.amazon_sports,158
LengthWidthsports,LengthWidth,amazon_ept_v10.amazon_sports,159
LensColorsports,LensColor,amazon_ept_v10.amazon_sports,160
LensColorMaterialsports,LensColorMaterial,amazon_ept_v10.amazon_sports,161
LensColorShapesports,LensColorShape,amazon_ept_v10.amazon_sports,162
LineCapacitysports,LineCapacity,amazon_ept_v10.amazon_sports,163
LineCapacitySizesports,LineCapacitySize,amazon_ept_v10.amazon_sports,164
LineCapacityWeightsports,LineCapacityWeight,amazon_ept_v10.amazon_sports,165
LineWeightsports,LineWeight,amazon_ept_v10.amazon_sports,166
LineWeightSizesports,LineWeightSize,amazon_ept_v10.amazon_sports,167
Materialsports,Material,amazon_ept_v10.amazon_sports,168
MaterialShapesports,MaterialShape,amazon_ept_v10.amazon_sports,169
MaterialSizesports,MaterialSize,amazon_ept_v10.amazon_sports,170
MaterialStylesports,MaterialStyle,amazon_ept_v10.amazon_sports,171
MaterialTensionLevelsports,MaterialTensionLevel,amazon_ept_v10.amazon_sports,172
MaterialWeightsports,MaterialWeight,amazon_ept_v10.amazon_sports,173
MaterialWheelSizesports,MaterialWheelSize,amazon_ept_v10.amazon_sports,174
MaterialWidthsports,MaterialWidth,amazon_ept_v10.amazon_sports,175
Quantitysports,Quantity,amazon_ept_v10.amazon_sports,176
QuantityShapesports,QuantityShape,amazon_ept_v10.amazon_sports,177
QuantitySizesports,QuantitySize,amazon_ept_v10.amazon_sports,178
QuantityWeightsports,QuantityWeight,amazon_ept_v10.amazon_sports,179
Roundssports,Rounds,amazon_ept_v10.amazon_sports,180
RoundsSizesports,RoundsSize,amazon_ept_v10.amazon_sports,181
ShaftMaterialsports,ShaftMaterial,amazon_ept_v10.amazon_sports,182
ShaftMaterialShaftTypesports,ShaftMaterialShaftType,amazon_ept_v10.amazon_sports,183
ShaftTypesports,ShaftType,amazon_ept_v10.amazon_sports,184
Shapesports,Shape,amazon_ept_v10.amazon_sports,185
ShapeSizesports,ShapeSize,amazon_ept_v10.amazon_sports,186
ShapeTensionLevelsports,ShapeTensionLevel,amazon_ept_v10.amazon_sports,187
ShapeWeightsports,ShapeWeight,amazon_ept_v10.amazon_sports,188
Sizesports,Size,amazon_ept_v10.amazon_sports,189
SizeStylesports,SizeStyle,amazon_ept_v10.amazon_sports,190
SizeTensionLevelsports,SizeTensionLevel,amazon_ept_v10.amazon_sports,191
SizeWattagesports,SizeWattage,amazon_ept_v10.amazon_sports,192
SizeWeightsports,SizeWeight,amazon_ept_v10.amazon_sports,193
SizeWeightSupportedsports,SizeWeightSupported,amazon_ept_v10.amazon_sports,194
SizeWheelSizesports,SizeWheelSize,amazon_ept_v10.amazon_sports,195
SizeWidthsports,SizeWidth,amazon_ept_v10.amazon_sports,196
Stylesports,Style,amazon_ept_v10.amazon_sports,197
StyleTensionLevelsports,StyleTensionLevel,amazon_ept_v10.amazon_sports,198
StyleWeightsports,StyleWeight,amazon_ept_v10.amazon_sports,199
StyleWheelSizesports,StyleWheelSize,amazon_ept_v10.amazon_sports,200
StyleWidthsports,StyleWidth,amazon_ept_v10.amazon_sports,201
TemperatureRatingsports,TemperatureRating,amazon_ept_v10.amazon_sports,202
TemperatureRatingColorsports,TemperatureRatingColor,amazon_ept_v10.amazon_sports,203
TemperatureRatingDesignsports,TemperatureRatingDesign,amazon_ept_v10.amazon_sports,204
TemperatureRatingHandsports,TemperatureRatingHand,amazon_ept_v10.amazon_sports,205
TemperatureRatingLengthsports,TemperatureRatingLength,amazon_ept_v10.amazon_sports,206
TemperatureRatingMaterialsports,TemperatureRatingMaterial,amazon_ept_v10.amazon_sports,207
TemperatureRatingShapesports,TemperatureRatingShape,amazon_ept_v10.amazon_sports,208
TemperatureRatingSizesports,TemperatureRatingSize,amazon_ept_v10.amazon_sports,209
TensionLevelsports,TensionLevel,amazon_ept_v10.amazon_sports,210
TensionLevelWeightsports,TensionLevelWeight,amazon_ept_v10.amazon_sports,211
TensionLevelWeightSupportedsports,TensionLevelWeightSupported,amazon_ept_v10.amazon_sports,212
Wattagesports,Wattage,amazon_ept_v10.amazon_sports,213
Weightsports,Weight,amazon_ept_v10.amazon_sports,214
WeightSupportedsports,WeightSupported,amazon_ept_v10.amazon_sports,215
WeightWidthsports,WeightWidth,amazon_ept_v10.amazon_sports,216
WheelSizesports,WheelSize,amazon_ept_v10.amazon_sports,217
WheelSizeWeightsports,WheelSizeWeight,amazon_ept_v10.amazon_sports,218
Widthsports,Width,amazon_ept_v10.amazon_sports,219
CustomerPackageTypesports,CustomerPackageType,amazon_ept_v10.amazon_sports,220
ColorName-CustomerPackageTypesports,ColorName-CustomerPackageType,amazon_ept_v10.amazon_sports,221
SizeName-CustomerPackageTypesports,SizeName-CustomerPackageType,amazon_ept_v10.amazon_sports,222
SizeName-ColorName-CustomerPackageTypesports,SizeName-ColorName-CustomerPackageType,amazon_ept_v10.amazon_sports,223
StyleName-CustomerPackageTypesports,StyleName-CustomerPackageType,amazon_ept_v10.amazon_sports,224
SizeName-StyleName-CustomerPackageTypesports,SizeName-StyleName-CustomerPackageType,amazon_ept_v10.amazon_sports,225
SizeNameluxury_beauty,SizeName,amazon_ept_v10.luxury_beauty,226
ColorNameluxury_beauty,ColorName,amazon_ept_v10.luxury_beauty,227
SizeName-ColorNameluxury_beauty,SizeName-ColorName,amazon_ept_v10.luxury_beauty,228
Scentluxury_beauty,Scent,amazon_ept_v10.luxury_beauty,229
Size-Scentluxury_beauty,Size-Scent,amazon_ept_v10.luxury_beauty,230
SizeNamefurniture,SizeName,amazon_ept_v10.furniture,231
ColorNamefurniture,ColorName,amazon_ept_v10.furniture,232
SizeName-ColorNamefurniture,SizeName-ColorName,amazon_ept_v10.furniture,233
Colorwine_and_alco,Color,amazon_ept_v10.wineandalcohol,234
Color-ItemDisplayWeightwine_and_alco,Color-ItemDisplayWeight,amazon_ept_v10.wineandalcohol,235
Color-PatternNamewine_and_alco,Color-PatternName,amazon_ept_v10.wineandalcohol,236
Color-Sizewine_and_alco,Color-Size,amazon_ept_v10.wineandalcohol,237
Flavorwine_and_alco,Flavor,amazon_ept_v10.wineandalcohol,238
Flavor-Sizewine_and_alco,Flavor-Size,amazon_ept_v10.wineandalcohol,239
ItemDisplayWeightwine_and_alco,ItemDisplayWeight,amazon_ept_v10.wineandalcohol,240
ItemDisplayWeight-Colorwine_and_alco,ItemDisplayWeight-Color,amazon_ept_v10.wineandalcohol,241
ItemDisplayWeight-ItemPackageQuantitywine_and_alco,ItemDisplayWeight-ItemPackageQuantity,amazon_ept_v10.wineandalcohol,242
ItemDisplayWeight-Sizewine_and_alco,ItemDisplayWeight-Size,amazon_ept_v10.wineandalcohol,243
ItemPackageQuantity-ItemDisplayWeightwine_and_alco,ItemPackageQuantity-ItemDisplayWeight,amazon_ept_v10.wineandalcohol,244
PatternNamewine_and_alco,PatternName,amazon_ept_v10.wineandalcohol,245
PatternName-Flavorwine_and_alco,PatternName-Flavor,amazon_ept_v10.wineandalcohol,246
PatternName-ItemDisplayWeightwine_and_alco,PatternName-ItemDisplayWeight,amazon_ept_v10.wineandalcohol,247
PatternName-Sizewine_and_alco,PatternName-Size,amazon_ept_v10.wineandalcohol,248
Sizewine_and_alco,Size,amazon_ept_v10.wineandalcohol,249
Size-Colorwine_and_alco,Size-Color,amazon_ept_v10.wineandalcohol,250
Size-ItemDisplayWeightwine_and_alco,Size-ItemDisplayWeight,amazon_ept_v10.wineandalcohol,251
Size-PatternNamewine_and_alco,Size-PatternName,amazon_ept_v10.wineandalcohol,252
ColorNamelab_supply,ColorName,amazon_ept_v10.lab_supply,253
ItemPackageQuantitylab_supply,ItemPackageQuantity,amazon_ept_v10.lab_supply,254
ItemWeightlab_supply,ItemWeight,amazon_ept_v10.lab_supply,255
Materiallab_supply,Material,amazon_ept_v10.lab_supply,256
NumberOfItemslab_supply,NumberOfItems,amazon_ept_v10.lab_supply,257
SizeName-ColorNamelab_supply,SizeName-ColorName,amazon_ept_v10.lab_supply,258
SizeNamelab_supply,SizeName,amazon_ept_v10.lab_supply,259
Stylelab_supply,Style,amazon_ept_v10.lab_supply,260
ColorNamesafety_supply,ColorName,amazon_ept_v10.safetysupply,261
ItemPackageQuantitysafety_supply,ItemPackageQuantity,amazon_ept_v10.safetysupply,262
ItemWeightsafety_supply,ItemWeight,amazon_ept_v10.safetysupply,263
Materialsafety_supply,Material,amazon_ept_v10.safetysupply,264
NumberOfItemssafety_supply,NumberOfItems,amazon_ept_v10.safetysupply,265
SizeName-ColorNamesafety_supply,SizeName-ColorName,amazon_ept_v10.safetysupply,266
SizeNamesafety_supply,SizeName,amazon_ept_v10.safetysupply,267
Stylesafety_supply,Style,amazon_ept_v10.safetysupply,268
Colorpet_supp,Color,amazon_ept_v10.pet_supplies,269
Sizepet_supp,Size,amazon_ept_v10.pet_supplies,270
SizeColorpet_supp,SizeColor,amazon_ept_v10.pet_supplies,271
Flavorpet_supp,Flavor,amazon_ept_v10.pet_supplies,272
FlavorSizepet_supp,FlavorSize,amazon_ept_v10.pet_supplies,273
PatternNamepet_supp,PatternName,amazon_ept_v10.pet_supplies,274
Color-PatternNamepet_supp,Color-PatternName,amazon_ept_v10.pet_supplies,275
PatternName-Sizepet_supp,PatternName-Size,amazon_ept_v10.pet_supplies,276
PatternName-Flavorpet_supp,PatternName-Flavor,amazon_ept_v10.pet_supplies,277
Scentpet_supp,Scent,amazon_ept_v10.pet_supplies,278
Colortoys_main_categ,Color,amazon_ept_v10.toys,279
Sizetoys_main_categ,Size,amazon_ept_v10.toys,280
SizeColortoys_main_categ,SizeColor,amazon_ept_v10.toys,281
Styletoys_main_categ,Style,amazon_ept_v10.toys,282
Editiontoys_main_categ,Edition,amazon_ept_v10.toys,283
Sizelarge_app,Size,amazon_ept_v10.largeappliances,283
Colorlarge_app,Color,amazon_ept_v10.largeappliances,283
SizeColorlarge_app,SizeColor,amazon_ept_v10.largeappliances,283
colo_lightsand_fix,Color,amazon_ept_v10.lightsandfixtures,283
Wattage_light_bulbs,Wattage,amazon_ept_v10.lightbulbs,284
Sizeautoaccessorymisc,Size,amazon_ept_v10.autoaccessorymisc,285
Colorautoaccessorymisc,Color,amazon_ept_v10.autoaccessorymisc,286
Size-Colorautoaccessorymisc,Size-Color,amazon_ept_v10.autoaccessorymisc,287
Sizeauto_part_2212221,Size,amazon_ept_v10.amazon_auto_part,288
Colorauto_part_1234,Color,amazon_ept_v10.amazon_auto_part,289
Size-Colorauto_part,Size-Color,amazon_ept_v10.amazon_auto_part,290
Sizepower_sports,Size,amazon_ept_v10.power_sports_parts,291
Colorpower_sports,Color,amazon_ept_v10.power_sports_parts,292
Size-Colorpower_sports,Size-Color,amazon_ept_v10.power_sports_parts,293
Color_power_sports_vehicle,Color,amazon_ept_v10.amazon_power_sports_vehicle,294
Sizeprotective_gear,Size,amazon_ept_v10.protectivegear,295
Colorprotective_gear,Color,amazon_ept_v10.protectivegear,296
Size-Colorprotective_gear,Size-Color,amazon_ept_v10.protectivegear,297
Sizeamazon_helmet,Size,amazon_ept_v10.amazon_helmet,298
Coloramazon_helmet,Color,amazon_ept_v10.amazon_helmet,299
Size-Coloramazon_helmet,Size-Color,amazon_ept_v10.amazon_helmet,300
Sizeamazon_riding,Size,amazon_ept_v10.amazon_riding_apparel,301
Coloramazon_riding,Color,amazon_ept_v10.amazon_riding_apparel,302
Size-Coloramazon_riding,Size-Color,amazon_ept_v10.amazon_riding_apparel,303
Sizeamazon_toys_buby,Size,amazon_ept_v10.amazon_toys_baby,304
Coloramazon_toys_buby,Color,amazon_ept_v10.amazon_toys_baby,305
Size-Coloramazon_toys_buby,Size-Color,amazon_ept_v10.amazon_toys_baby,306
Color307,Color,amazon_ept_v10.stringedinstruments,307
Color309,Color,amazon_ept_v10.percussioninstruments,309
Color310,Color,amazon_ept_v10.miscworldinstruments,310
Color311,Color,amazon_ept_v10.keyboardinstruments,311
Color312,Color,amazon_ept_v10.amazon_instrumentpartsandaccessories,312
Color313,Color,amazon_ept_v10.amazon_guitars,313
Color314,Color,amazon_ept_v10.amazon_brass_wood_ind,314
Color315,Color,amazon_ept_v10.soundandrecordingequipment,315
Size316,Size,amazon_ept_v10.amazon_health_misc,316
Color317,Color,amazon_ept_v10.amazon_health_misc,317
Count318,Count,amazon_ept_v10.amazon_health_misc,318
Scent319,Scent,amazon_ept_v10.amazon_health_misc,319
Flavor320,Flavor,amazon_ept_v10.amazon_health_misc,320
Size-Color321,Size-Color,amazon_ept_v10.amazon_health_misc,321
Flavor-Count322,Flavor-Count,amazon_ept_v10.amazon_health_misc,322
Flavor-Size323,Flavor-Size,amazon_ept_v10.amazon_health_misc,323
Size-Scent324,Size-Scent,amazon_ept_v10.amazon_health_misc,324
Size-UnitCount325,Size-UnitCount,amazon_ept_v10.amazon_health_misc,325
CustomerPackageType326,CustomerPackageType,amazon_ept_v10.amazon_health_misc,326
ColorName-CustomerPackageType327,ColorName-CustomerPackageType,amazon_ept_v10.amazon_health_misc,327
SizeName-CustomerPackageType328,SizeName-CustomerPackageType,amazon_ept_v10.amazon_health_misc,328
SizeName-ColorName-CustomerPackageType329,SizeName-ColorName-CustomerPackageType,amazon_ept_v10.amazon_health_misc,329
StyleName-CustomerPackageType330,StyleName-CustomerPackageType,amazon_ept_v10.amazon_health_misc,330
SizeName-StyleName-CustomerPackageType331,SizeName-StyleName-CustomerPackageType,amazon_ept_v10.amazon_health_misc,331
Opticalpower-Basecurveradius-Itemdiameterstring-Cylindercorrection-Cylinderaxis-unitcount332,Opticalpower-Basecurveradius-Itemdiameterstring-Cylindercorrection-Cylinderaxis-unitcount,amazon_ept_v10.amazon_health_misc,332
Opticalpower-Basecurveradius-Itemdiameterstring-Lensadditionpower-Unitcount333,Opticalpower-Basecurveradius-Itemdiameterstring-Lensadditionpower-Unitcount,amazon_ept_v10.amazon_health_misc,333
Opticalpower-Basecurveradius-Itemdiameterstring-Unitcount334,Opticalpower-Basecurveradius-Itemdiameterstring-Unitcount,amazon_ept_v10.amazon_health_misc,334
Size335,Size,amazon_ept_v10.amazon_personal_care_app,335
Color336,Color,amazon_ept_v10.amazon_personal_care_app,336
Count337,Count,amazon_ept_v10.amazon_personal_care_app,337
Size-Color338,Size-Color,amazon_ept_v10.amazon_personal_care_app,338
Size-UnitCount339,Size-UnitCount,amazon_ept_v10.amazon_personal_care_app,339
Scent340,Scent,amazon_ept_v10.amazon_personal_care_app,340
Size341,Size,amazon_ept_v10.bhilding_materials,341
Color342,Color,amazon_ept_v10.bhilding_materials,342
Material343,Material,amazon_ept_v10.bhilding_materials,343
ItemWeight344,ItemWeight,amazon_ept_v10.bhilding_materials,344
Size-Color345,Size-Color,amazon_ept_v10.bhilding_materials,345
ItemPackageQuantity346,ItemPackageQuantity,amazon_ept_v10.bhilding_materials,346
Size347,Size,amazon_ept_v10.home_Hardware,347
Color348,Color,amazon_ept_v10.home_Hardware,348
Material349,Material,amazon_ept_v10.home_Hardware,349
ItemWeight350,ItemWeight,amazon_ept_v10.home_Hardware,350
ItemPackageQuantity351,ItemPackageQuantity,amazon_ept_v10.home_Hardware,351
Size352,Size,amazon_ept_v10.home_tools,352
Color353,Color,amazon_ept_v10.home_tools,353
ItemWeight354,ItemWeight,amazon_ept_v10.home_tools,354
ItemPackageQuantity355,ItemPackageQuantity,amazon_ept_v10.home_tools,355
Size356,Size,amazon_ept_v10.majorhomeappliances,356
Color357,Color,amazon_ept_v10.majorhomeappliances,357
ItemWeight358,ItemWeight,amazon_ept_v10.majorhomeappliances,358
Size359,Size,amazon_ept_v10.organizersandstorage,359
Color360,Color,amazon_ept_v10.organizersandstorage,360
Material361,Material,amazon_ept_v10.organizersandstorage,361
ItemWeight362,ItemWeight,amazon_ept_v10.organizersandstorage,362
ItemPackageQuantity363,ItemPackageQuantity,amazon_ept_v10.organizersandstorage,363
Size364,Size,amazon_ept_v10.securityelectronics,364
Color365,Color,amazon_ept_v10.securityelectronics,365
ItemWeight366,ItemWeight,amazon_ept_v10.securityelectronics,366
Size-Color367,Size-Color,amazon_ept_v10.securityelectronics,367
ItemPackageQuantity368,ItemPackageQuantity,amazon_ept_v10.securityelectronics,368
Sizebedand_bath,Size,amazon_ept_v10.bedandbath,369
Colorbedand_bath,Color,amazon_ept_v10.bedandbath,370
Scentbedand_bath,Scent,amazon_ept_v10.bedandbath,371
Size-Colorbedand_bath,Size-Color,amazon_ept_v10.bedandbath,372
Size-Scentbedand_bath,Size-Scent,amazon_ept_v10.bedandbath,373
DisplayLength-DisplayWidthbedand_bath,DisplayLength-DisplayWidth,amazon_ept_v10.bedandbath,374
DisplayLength-Materialbedand_bath,DisplayLength-Material,amazon_ept_v10.bedandbath,375
DisplayLength-Sizebedand_bath,DisplayLength-Size,amazon_ept_v10.bedandbath,376
DisplayLength-Colorbedand_bath,DisplayLength-Color,amazon_ept_v10.bedandbath,377
DisplayLength-DisplayHeightbedand_bath,DisplayLength-DisplayHeight,amazon_ept_v10.bedandbath,378
DisplayWidth-Materialbedand_bath,DisplayWidth-Material,amazon_ept_v10.bedandbath,379
DisplayWidth-Sizebedand_bath,DisplayWidth-Size,amazon_ept_v10.bedandbath,380
DisplayWidth-Colorbedand_bath,DisplayWidth-Color,amazon_ept_v10.bedandbath,381
DisplayWidth-DisplayHeightbedand_bath,DisplayWidth-DisplayHeight,amazon_ept_v10.bedandbath,382
ItemPackageQuantity-Materialbedand_bath,ItemPackageQuantity-Material,amazon_ept_v10.bedandbath,383
ItemPackageQuantity-Sizebedand_bath,ItemPackageQuantity-Size,amazon_ept_v10.bedandbath,384
ItemPackageQuantity-Colorbedand_bath,ItemPackageQuantity-Color,amazon_ept_v10.bedandbath,385
ItemPackageQuantity-DisplayHeightbedand_bath,ItemPackageQuantity-DisplayHeight,amazon_ept_v10.bedandbath,386
DisplayWeight-ItemPackageQuantitybedand_bath,DisplayWeight-ItemPackageQuantity,amazon_ept_v10.bedandbath,387
DisplayWeight-Materialbedand_bath,DisplayWeight-Material,amazon_ept_v10.bedandbath,388
DisplayWeight-Sizebedand_bath,DisplayWeight-Size,amazon_ept_v10.bedandbath,389
DisplayWeight-Colorbedand_bath,DisplayWeight-Color,amazon_ept_v10.bedandbath,390
DisplayWeight-DisplayHeightbedand_bath,DisplayWeight-DisplayHeight,amazon_ept_v10.bedandbath,391
Material-DisplayLengthbedand_bath,Material-DisplayLength,amazon_ept_v10.bedandbath,392
Material-DisplayWidthbedand_bath,Material-DisplayWidth,amazon_ept_v10.bedandbath,393
Material-Sizebedand_bath,Material-Size,amazon_ept_v10.bedandbath,394
Material-Colorbedand_bath,Material-Color,amazon_ept_v10.bedandbath,395
Material-DisplayHeightbedand_bath,Material-DisplayHeight,amazon_ept_v10.bedandbath,396
Size-DisplayLengthbedand_bath,Size-DisplayLength,amazon_ept_v10.bedandbath,397
Size-DisplayWidthbedand_bath,Size-DisplayWidth,amazon_ept_v10.bedandbath,398
Size-DisplayWeightbedand_bath,Size-DisplayWeight,amazon_ept_v10.bedandbath,399
Size-Materialbedand_bath,Size-Material,amazon_ept_v10.bedandbath,400
Size-Colorbedand_bath,Size-Color,amazon_ept_v10.bedandbath,401
Size-DisplayHeightbedand_bath,Size-DisplayHeight,amazon_ept_v10.bedandbath,402
Color-DisplayLengthbedand_bath,Color-DisplayLength,amazon_ept_v10.bedandbath,403
Color-DisplayWidthbedand_bath,Color-DisplayWidth,amazon_ept_v10.bedandbath,404
Color-ItemPackageQuantitybedand_bath,Color-ItemPackageQuantity,amazon_ept_v10.bedandbath,405
Color-DisplayWeightbedand_bath,Color-DisplayWeight,amazon_ept_v10.bedandbath,406
Color-Materialbedand_bath,Color-Material,amazon_ept_v10.bedandbath,407
Color-Sizebedand_bath,Color-Size,amazon_ept_v10.bedandbath,408
Color-DisplayHeightbedand_bath,Color-DisplayHeight,amazon_ept_v10.bedandbath,409
DisplayHeightbedand_bath,DisplayHeight,amazon_ept_v10.bedandbath,410
Materialbedand_bath,Material,amazon_ept_v10.bedandbath,411
DisplayWeightbedand_bath,DisplayWeight,amazon_ept_v10.bedandbath,412
DisplayLengthbedand_bath,DisplayLength,amazon_ept_v10.bedandbath,413
ItemPackageQuantitybedand_bath,ItemPackageQuantity,amazon_ept_v10.bedandbath,414
DisplayLength-PatternNamebedand_bath,DisplayLength-PatternName,amazon_ept_v10.bedandbath,415
DisplayLength-StyleNamebedand_bath,DisplayLength-StyleName,amazon_ept_v10.bedandbath,416
DisplayWidth-PatternNamebedand_bath,DisplayWidth-PatternName,amazon_ept_v10.bedandbath,417
DisplayWidth-StyleNamebedand_bath,DisplayWidth-StyleName,amazon_ept_v10.bedandbath,418
Occasion-PatternNamebedand_bath,Occasion-PatternName,amazon_ept_v10.bedandbath,419
Occasion-ItemPackageQuantitybedand_bath,Occasion-ItemPackageQuantity,amazon_ept_v10.bedandbath,420
Occasion-Materialbedand_bath,Occasion-Material,amazon_ept_v10.bedandbath,421
Occasion-StyleNamebedand_bath,Occasion-StyleName,amazon_ept_v10.bedandbath,422
Occasion-Sizebedand_bath,Occasion-Size,amazon_ept_v10.bedandbath,423
Occasion-Colorbedand_bath,Occasion-Color,amazon_ept_v10.bedandbath,424
Occasion-DisplayHeightbedand_bath,Occasion-DisplayHeight,amazon_ept_v10.bedandbath,425
PatternName-DisplayLengthbedand_bath,PatternName-DisplayLength,amazon_ept_v10.bedandbath,426
PatternName-DisplayWidthbedand_bath,PatternName-DisplayWidth,amazon_ept_v10.bedandbath,427
PatternName-Occasionbedand_bath,PatternName-Occasion,amazon_ept_v10.bedandbath,428
PatternName-Materialbedand_bath,PatternName-Material,amazon_ept_v10.bedandbath,429
PatternName-StyleNamebedand_bath,PatternName-StyleName,amazon_ept_v10.bedandbath,430
PatternName-Sizebedand_bath,PatternName-Size,amazon_ept_v10.bedandbath,431
PatternName-Colorbedand_bath,PatternName-Color,amazon_ept_v10.bedandbath,432
PatternName-DisplayHeightbedand_bath,PatternName-DisplayHeight,amazon_ept_v10.bedandbath,433
MatteStyle-Materialbedand_bath,MatteStyle-Material,amazon_ept_v10.bedandbath,434
MatteStyle-StyleNamebedand_bath,MatteStyle-StyleName,amazon_ept_v10.bedandbath,435
MatteStyle-Sizebedand_bath,MatteStyle-Size,amazon_ept_v10.bedandbath,436
MatteStyle-Colorbedand_bath,MatteStyle-Color,amazon_ept_v10.bedandbath,437
ItemPackageQuantity-Occasionbedand_bath,ItemPackageQuantity-Occasion,amazon_ept_v10.bedandbath,438
ItemPackageQuantity-StyleNamebedand_bath,ItemPackageQuantity-StyleName,amazon_ept_v10.bedandbath,439
DisplayWeight-StyleNamebedand_bath,DisplayWeight-StyleName,amazon_ept_v10.bedandbath,440
Material-PatternNamebedand_bath,Material-PatternName,amazon_ept_v10.bedandbath,441
Material-MatteStylebedand_bath,Material-MatteStyle,amazon_ept_v10.bedandbath,442
Material-StyleNamebedand_bath,Material-StyleName,amazon_ept_v10.bedandbath,443
StyleName-DisplayLengthbedand_bath,StyleName-DisplayLength,amazon_ept_v10.bedandbath,444
StyleName-DisplayWidthbedand_bath,StyleName-DisplayWidth,amazon_ept_v10.bedandbath,445
StyleName-Occasionbedand_bath,StyleName-Occasion,amazon_ept_v10.bedandbath,446
StyleName-PatternNamebedand_bath,StyleName-PatternName,amazon_ept_v10.bedandbath,447
StyleName-DisplayWeightbedand_bath,StyleName-DisplayWeight,amazon_ept_v10.bedandbath,448
StyleName-Materialbedand_bath,StyleName-Material,amazon_ept_v10.bedandbath,449
StyleName-Sizebedand_bath,StyleName-Size,amazon_ept_v10.bedandbath,450
StyleName-Colorbedand_bath,StyleName-Color,amazon_ept_v10.bedandbath,451
Size-Occasionbedand_bath,Size-Occasion,amazon_ept_v10.bedandbath,452
Size-PatternNamebedand_bath,Size-PatternName,amazon_ept_v10.bedandbath,453
Size-MatteStylebedand_bath,Size-MatteStyle,amazon_ept_v10.bedandbath,454
Size-StyleNamebedand_bath,Size-StyleName,amazon_ept_v10.bedandbath,455
Color-Occasionbedand_bath,Color-Occasion,amazon_ept_v10.bedandbath,456
Color-PatternNamebedand_bath,Color-PatternName,amazon_ept_v10.bedandbath,457
Color-MatteStylebedand_bath,Color-MatteStyle,amazon_ept_v10.bedandbath,458
Color-StyleNamebedand_bath,Color-StyleName,amazon_ept_v10.bedandbath,459
MatteStylebedand_bath,MatteStyle,amazon_ept_v10.bedandbath,460
PatternNamebedand_bath,PatternName,amazon_ept_v10.bedandbath,461
Occasionbedand_bath,Occasion,amazon_ept_v10.bedandbath,462
StyleNamebedand_bath,StyleName,amazon_ept_v10.bedandbath,463
CustomerPackageTypebedand_bath,CustomerPackageType,amazon_ept_v10.bedandbath,464
ColorName-CustomerPackageTypebedand_bath,ColorName-CustomerPackageType,amazon_ept_v10.bedandbath,465
SizeName-CustomerPackageTypebedand_bath,SizeName-CustomerPackageType,amazon_ept_v10.bedandbath,466
SizeName-ColorName-CustomerPackageTypebedand_bath,SizeName-ColorName-CustomerPackageType,amazon_ept_v10.bedandbath,467
StyleName-CustomerPackageTypebedand_bath,StyleName-CustomerPackageType,amazon_ept_v10.bedandbath,468
SizeName-StyleName-CustomerPackageType,SizeName-StyleName-CustomerPackageType,amazon_ept_v10.bedandbath,469
Sizefurtinure_and_decor,Size,amazon_ept_v10.furnitureanddecor,470
Colorfurtinure_and_decor,Color,amazon_ept_v10.furnitureanddecor,471
Length-Widthfurtinure_and_decor,Length-Width,amazon_ept_v10.furnitureanddecor,472
Length-Materialfurtinure_and_decor,Length-Material,amazon_ept_v10.furnitureanddecor,473
Length-Sizefurtinure_and_decor,Length-Size,amazon_ept_v10.furnitureanddecor,474
Length-Colorfurtinure_and_decor,Length-Color,amazon_ept_v10.furnitureanddecor,475
Length-Heightfurtinure_and_decor,Length-Height,amazon_ept_v10.furnitureanddecor,476
Width-Materialfurtinure_and_decor,Width-Material,amazon_ept_v10.furnitureanddecor,477
Width-Sizefurtinure_and_decor,Width-Size,amazon_ept_v10.furnitureanddecor,478
Width-Colorfurtinure_and_decor,Width-Color,amazon_ept_v10.furnitureanddecor,479
Width-Heightfurtinure_and_decor,Width-Height,amazon_ept_v10.furnitureanddecor,480
NumberOfItemsInPackage-Materialfurtinure_and_decor,NumberOfItemsInPackage-Material,amazon_ept_v10.furnitureanddecor,481
NumberOfItemsInPackage-Sizefurtinure_and_decor,NumberOfItemsInPackage-Size,amazon_ept_v10.furnitureanddecor,482
NumberOfItemsInPackage-Colorfurtinure_and_decor,NumberOfItemsInPackage-Color,amazon_ept_v10.furnitureanddecor,483
NumberOfItemsInPackage-Heightfurtinure_and_decor,NumberOfItemsInPackage-Height,amazon_ept_v10.furnitureanddecor,484
Weight-NumberOfItemsInPackagefurtinure_and_decor,Weight-NumberOfItemsInPackage,amazon_ept_v10.furnitureanddecor,485
Weight-Materialfurtinure_and_decor,Weight-Material,amazon_ept_v10.furnitureanddecor,486
Weight-Sizefurtinure_and_decor,Weight-Size,amazon_ept_v10.furnitureanddecor,487
Weight-Colorfurtinure_and_decor,Weight-Color,amazon_ept_v10.furnitureanddecor,488
Weight-Heightfurtinure_and_decor,Weight-Height,amazon_ept_v10.furnitureanddecor,489
Material-Lengthfurtinure_and_decor,Material-Length,amazon_ept_v10.furnitureanddecor,490
Material-Widthfurtinure_and_decor,Material-Width,amazon_ept_v10.furnitureanddecor,491
Material-Sizefurtinure_and_decor,Material-Size,amazon_ept_v10.furnitureanddecor,492
Material-Colorfurtinure_and_decor,Material-Color,amazon_ept_v10.furnitureanddecor,493
Material-Heightfurtinure_and_decor,Material-Height,amazon_ept_v10.furnitureanddecor,494
Size-Lengthfurtinure_and_decor,Size-Length,amazon_ept_v10.furnitureanddecor,495
Size-Widthfurtinure_and_decor,Size-Width,amazon_ept_v10.furnitureanddecor,496
Size-Weightfurtinure_and_decor,Size-Weight,amazon_ept_v10.furnitureanddecor,497
Size-Materialfurtinure_and_decor,Size-Material,amazon_ept_v10.furnitureanddecor,498
Size-Colorfurtinure_and_decor,Size-Color,amazon_ept_v10.furnitureanddecor,499
Size-Heightfurtinure_and_decor,Size-Height,amazon_ept_v10.furnitureanddecor,500
Color-Lengthfurtinure_and_decor,Color-Length,amazon_ept_v10.furnitureanddecor,501
Color-Widthfurtinure_and_decor,Color-Width,amazon_ept_v10.furnitureanddecor,502
Color-NumberOfItemsInPackagefurtinure_and_decor,Color-NumberOfItemsInPackage,amazon_ept_v10.furnitureanddecor,503
Color-Weightfurtinure_and_decor,Color-Weight,amazon_ept_v10.furnitureanddecor,504
Color-Materialfurtinure_and_decor,Color-Material,amazon_ept_v10.furnitureanddecor,505
Color-Sizefurtinure_and_decor,Color-Size,amazon_ept_v10.furnitureanddecor,506
Color-Heightfurtinure_and_decor,Color-Height,amazon_ept_v10.furnitureanddecor,507
Heightfurtinure_and_decor,Height,amazon_ept_v10.furnitureanddecor,508
Materialfurtinure_and_decor,Material,amazon_ept_v10.furnitureanddecor,509
Weightfurtinure_and_decor,Weight,amazon_ept_v10.furnitureanddecor,510
Lengthfurtinure_and_decor,Length,amazon_ept_v10.furnitureanddecor,511
NumberOfItemsInPackagefurtinure_and_decor,NumberOfItemsInPackage,amazon_ept_v10.furnitureanddecor,512
Length-PatternNamefurtinure_and_decor,Length-PatternName,amazon_ept_v10.furnitureanddecor,513
Length-StyleNamefurtinure_and_decor,Length-StyleName,amazon_ept_v10.furnitureanddecor,514
Width-PatternNamefurtinure_and_decor,Width-PatternName,amazon_ept_v10.furnitureanddecor,515
Width-StyleNamefurtinure_and_decor,Width-StyleName,amazon_ept_v10.furnitureanddecor,516
Occasion-PatternNamefurtinure_and_decor,Occasion-PatternName,amazon_ept_v10.furnitureanddecor,517
Occasion-NumberOfItemsInPackagefurtinure_and_decor,Occasion-NumberOfItemsInPackage,amazon_ept_v10.furnitureanddecor,518
Occasion-Materialfurtinure_and_decor,Occasion-Material,amazon_ept_v10.furnitureanddecor,519
Occasion-StyleNamefurtinure_and_decor,Occasion-StyleName,amazon_ept_v10.furnitureanddecor,520
Occasion-Sizefurtinure_and_decor,Occasion-Size,amazon_ept_v10.furnitureanddecor,521
Occasion-Colorfurtinure_and_decor,Occasion-Color,amazon_ept_v10.furnitureanddecor,522
Occasion-Heightfurtinure_and_decor,Occasion-Height,amazon_ept_v10.furnitureanddecor,523
PatternName-Lengthfurtinure_and_decor,PatternName-Length,amazon_ept_v10.furnitureanddecor,524
PatternName-Widthfurtinure_and_decor,PatternName-Width,amazon_ept_v10.furnitureanddecor,525
PatternName-Occasionfurtinure_and_decor,PatternName-Occasion,amazon_ept_v10.furnitureanddecor,526
PatternName-Materialfurtinure_and_decor,PatternName-Material,amazon_ept_v10.furnitureanddecor,527
PatternName-StyleNamefurtinure_and_decor,PatternName-StyleName,amazon_ept_v10.furnitureanddecor,528
PatternName-Sizefurtinure_and_decor,PatternName-Size,amazon_ept_v10.furnitureanddecor,529
PatternName-Colorfurtinure_and_decor,PatternName-Color,amazon_ept_v10.furnitureanddecor,530
PatternName-Heightfurtinure_and_decor,PatternName-Height,amazon_ept_v10.furnitureanddecor,531
MatteStyle-Materialfurtinure_and_decor,MatteStyle-Material,amazon_ept_v10.furnitureanddecor,532
MatteStyle-StyleNamefurtinure_and_decor,MatteStyle-StyleName,amazon_ept_v10.furnitureanddecor,533
MatteStyle-Sizefurtinure_and_decor,MatteStyle-Size,amazon_ept_v10.furnitureanddecor,534
MatteStyle-Colorfurtinure_and_decor,MatteStyle-Color,amazon_ept_v10.furnitureanddecor,535
NumberOfItemsInPackage-Occasionfurtinure_and_decor,NumberOfItemsInPackage-Occasion,amazon_ept_v10.furnitureanddecor,536
NumberOfItemsInPackage-StyleNamefurtinure_and_decor,NumberOfItemsInPackage-StyleName,amazon_ept_v10.furnitureanddecor,537
Weight-StyleNamefurtinure_and_decor,Weight-StyleName,amazon_ept_v10.furnitureanddecor,538
Material-PatternNamefurtinure_and_decor,Material-PatternName,amazon_ept_v10.furnitureanddecor,539
Material-MatteStylefurtinure_and_decor,Material-MatteStyle,amazon_ept_v10.furnitureanddecor,540
Material-StyleNamefurtinure_and_decor,Material-StyleName,amazon_ept_v10.furnitureanddecor,541
StyleName-Lengthfurtinure_and_decor,StyleName-Length,amazon_ept_v10.furnitureanddecor,542
StyleName-Widthfurtinure_and_decor,StyleName-Width,amazon_ept_v10.furnitureanddecor,543
StyleName-Occasionfurtinure_and_decor,StyleName-Occasion,amazon_ept_v10.furnitureanddecor,544
StyleName-PatternNamefurtinure_and_decor,StyleName-PatternName,amazon_ept_v10.furnitureanddecor,545
StyleName-Weightfurtinure_and_decor,StyleName-Weight,amazon_ept_v10.furnitureanddecor,546
StyleName-Materialfurtinure_and_decor,StyleName-Material,amazon_ept_v10.furnitureanddecor,547
StyleName-Sizefurtinure_and_decor,StyleName-Size,amazon_ept_v10.furnitureanddecor,548
StyleName-Colorfurtinure_and_decor,StyleName-Color,amazon_ept_v10.furnitureanddecor,549
Size-Occasionfurtinure_and_decor,Size-Occasion,amazon_ept_v10.furnitureanddecor,550
Size-PatternNamefurtinure_and_decor,Size-PatternName,amazon_ept_v10.furnitureanddecor,551
Size-MatteStylefurtinure_and_decor,Size-MatteStyle,amazon_ept_v10.furnitureanddecor,552
Size-StyleNamefurtinure_and_decor,Size-StyleName,amazon_ept_v10.furnitureanddecor,553
Color-Occasionfurtinure_and_decor,Color-Occasion,amazon_ept_v10.furnitureanddecor,554
Color-PatternNamefurtinure_and_decor,Color-PatternName,amazon_ept_v10.furnitureanddecor,555
Color-MatteStylefurtinure_and_decor,Color-MatteStyle,amazon_ept_v10.furnitureanddecor,556
Color-StyleNamefurtinure_and_decor,Color-StyleName,amazon_ept_v10.furnitureanddecor,557
MatteStylefurtinure_and_decor,MatteStyle,amazon_ept_v10.furnitureanddecor,558
PatternNamefurtinure_and_decor,PatternName,amazon_ept_v10.furnitureanddecor,559
Occasionfurtinure_and_decor,Occasion,amazon_ept_v10.furnitureanddecor,560
StyleNamefurtinure_and_decor,StyleName,amazon_ept_v10.furnitureanddecor,561
Weight-Length-Colorfurtinure_and_decor,Weight-Length-Color,amazon_ept_v10.furnitureanddecor,562
Occasion-Size-Colorfurtinure_and_decor,Occasion-Size-Color,amazon_ept_v10.furnitureanddecor,563
Weight-Length-Materialfurtinure_and_decor,Weight-Length-Material,amazon_ept_v10.furnitureanddecor,564
Weight-Length-StyleNamefurtinure_and_decor,Weight-Length-StyleName,amazon_ept_v10.furnitureanddecor,565
PatternName-Size-Occasion  furtinure_and_decor,PatternName-Size-Occasion  ,amazon_ept_v10.furnitureanddecor,566
Size567,Size,amazon_ept_v10.kitchen_categ,567
Color568,Color,amazon_ept_v10.kitchen_categ,568
Length-Width569,Length-Width,amazon_ept_v10.kitchen_categ,569
Length-Material570,Length-Material,amazon_ept_v10.kitchen_categ,570
Length-Size571,Length-Size,amazon_ept_v10.kitchen_categ,571
Length-Color572,Length-Color,amazon_ept_v10.kitchen_categ,572
Length-Height573,Length-Height,amazon_ept_v10.kitchen_categ,573
Width-Material574,Width-Material,amazon_ept_v10.kitchen_categ,574
Width-Size575,Width-Size,amazon_ept_v10.kitchen_categ,575
Width-Color576,Width-Color,amazon_ept_v10.kitchen_categ,576
Width-Height577,Width-Height,amazon_ept_v10.kitchen_categ,577
NumberOfItemsInPackage-Material578,NumberOfItemsInPackage-Material,amazon_ept_v10.kitchen_categ,578
NumberOfItemsInPackage-Size579,NumberOfItemsInPackage-Size,amazon_ept_v10.kitchen_categ,579
NumberOfItemsInPackage-Color580,NumberOfItemsInPackage-Color,amazon_ept_v10.kitchen_categ,580
NumberOfItemsInPackage-Height581,NumberOfItemsInPackage-Height,amazon_ept_v10.kitchen_categ,581
Weight-NumberOfItemsInPackage582,Weight-NumberOfItemsInPackage,amazon_ept_v10.kitchen_categ,582
Weight-Material583,Weight-Material,amazon_ept_v10.kitchen_categ,583
Weight-Size584,Weight-Size,amazon_ept_v10.kitchen_categ,584
Weight-Color585,Weight-Color,amazon_ept_v10.kitchen_categ,585
Weight-Height586,Weight-Height,amazon_ept_v10.kitchen_categ,586
Material-Length587,Material-Length,amazon_ept_v10.kitchen_categ,587
Material-Width588,Material-Width,amazon_ept_v10.kitchen_categ,588
Material-Size589,Material-Size,amazon_ept_v10.kitchen_categ,589
Material-Color590,Material-Color,amazon_ept_v10.kitchen_categ,590
Material-Height591,Material-Height,amazon_ept_v10.kitchen_categ,591
Size-Length592,Size-Length,amazon_ept_v10.kitchen_categ,592
Size-Width593,Size-Width,amazon_ept_v10.kitchen_categ,593
Size-Weight594,Size-Weight,amazon_ept_v10.kitchen_categ,594
Size-Material595,Size-Material,amazon_ept_v10.kitchen_categ,595
Size-Color596,Size-Color,amazon_ept_v10.kitchen_categ,596
Size-Height597,Size-Height,amazon_ept_v10.kitchen_categ,597
Color-Length598,Color-Length,amazon_ept_v10.kitchen_categ,598
Color-Width599,Color-Width,amazon_ept_v10.kitchen_categ,599
Color-NumberOfItemsInPackage600,Color-NumberOfItemsInPackage,amazon_ept_v10.kitchen_categ,600
Color-Weight601,Color-Weight,amazon_ept_v10.kitchen_categ,601
Color-Material602,Color-Material,amazon_ept_v10.kitchen_categ,602
Color-Size603,Color-Size,amazon_ept_v10.kitchen_categ,603
Color-Height604,Color-Height,amazon_ept_v10.kitchen_categ,604
Height605,Height,amazon_ept_v10.kitchen_categ,605
Material606,Material,amazon_ept_v10.kitchen_categ,606
Weight607,Weight,amazon_ept_v10.kitchen_categ,607
Length608,Length,amazon_ept_v10.kitchen_categ,608
NumberOfItemsInPackage609,NumberOfItemsInPackage,amazon_ept_v10.kitchen_categ,609
Length-PatternName610,Length-PatternName,amazon_ept_v10.kitchen_categ,610
Length-StyleName611,Length-StyleName,amazon_ept_v10.kitchen_categ,611
Width-PatternName612,Width-PatternName,amazon_ept_v10.kitchen_categ,612
Width-StyleName613,Width-StyleName,amazon_ept_v10.kitchen_categ,613
Occasion-PatternName614,Occasion-PatternName,amazon_ept_v10.kitchen_categ,614
Occasion-NumberOfItemsInPackage615,Occasion-NumberOfItemsInPackage,amazon_ept_v10.kitchen_categ,615
Occasion-Material616,Occasion-Material,amazon_ept_v10.kitchen_categ,616
Occasion-StyleName617,Occasion-StyleName,amazon_ept_v10.kitchen_categ,617
Occasion-Size618,Occasion-Size,amazon_ept_v10.kitchen_categ,618
Occasion-Color619,Occasion-Color,amazon_ept_v10.kitchen_categ,619
Occasion-Height620,Occasion-Height,amazon_ept_v10.kitchen_categ,620
PatternName-Length621,PatternName-Length,amazon_ept_v10.kitchen_categ,621
PatternName-Width622,PatternName-Width,amazon_ept_v10.kitchen_categ,622
PatternName-Occasion623,PatternName-Occasion,amazon_ept_v10.kitchen_categ,623
PatternName-Material624,PatternName-Material,amazon_ept_v10.kitchen_categ,624
PatternName-StyleName625,PatternName-StyleName,amazon_ept_v10.kitchen_categ,625
PatternName-Size626,PatternName-Size,amazon_ept_v10.kitchen_categ,626
PatternName-Color627,PatternName-Color,amazon_ept_v10.kitchen_categ,627
PatternName-Height628,PatternName-Height,amazon_ept_v10.kitchen_categ,628
MatteStyle-Material629,MatteStyle-Material,amazon_ept_v10.kitchen_categ,629
MatteStyle-StyleName630,MatteStyle-StyleName,amazon_ept_v10.kitchen_categ,630
MatteStyle-Size631,MatteStyle-Size,amazon_ept_v10.kitchen_categ,631
MatteStyle-Color632,MatteStyle-Color,amazon_ept_v10.kitchen_categ,632
NumberOfItemsInPackage-Occasion633,NumberOfItemsInPackage-Occasion,amazon_ept_v10.kitchen_categ,633
NumberOfItemsInPackage-StyleName634,NumberOfItemsInPackage-StyleName,amazon_ept_v10.kitchen_categ,634
Weight-StyleName635,Weight-StyleName,amazon_ept_v10.kitchen_categ,635
Material-PatternName636,Material-PatternName,amazon_ept_v10.kitchen_categ,636
Material-MatteStyle637,Material-MatteStyle,amazon_ept_v10.kitchen_categ,637
Material-StyleName638,Material-StyleName,amazon_ept_v10.kitchen_categ,638
StyleName-Length639,StyleName-Length,amazon_ept_v10.kitchen_categ,639
StyleName-Width640,StyleName-Width,amazon_ept_v10.kitchen_categ,640
StyleName-Occasion641,StyleName-Occasion,amazon_ept_v10.kitchen_categ,641
StyleName-PatternName642,StyleName-PatternName,amazon_ept_v10.kitchen_categ,642
StyleName-Weight643,StyleName-Weight,amazon_ept_v10.kitchen_categ,643
StyleName-Material644,StyleName-Material,amazon_ept_v10.kitchen_categ,644
StyleName-Size645,StyleName-Size,amazon_ept_v10.kitchen_categ,645
StyleName-Color646,StyleName-Color,amazon_ept_v10.kitchen_categ,646
Size-Occasion647,Size-Occasion,amazon_ept_v10.kitchen_categ,647
Size-PatternName648,Size-PatternName,amazon_ept_v10.kitchen_categ,648
Size-MatteStyle649,Size-MatteStyle,amazon_ept_v10.kitchen_categ,649
Size-StyleName650,Size-StyleName,amazon_ept_v10.kitchen_categ,650
Color-Occasion651,Color-Occasion,amazon_ept_v10.kitchen_categ,651
Color-PatternName652,Color-PatternName,amazon_ept_v10.kitchen_categ,652
Color-MatteStyle653,Color-MatteStyle,amazon_ept_v10.kitchen_categ,653
Color-StyleName654,Color-StyleName,amazon_ept_v10.kitchen_categ,654
MatteStyle655,MatteStyle,amazon_ept_v10.kitchen_categ,655
PatternName656,PatternName,amazon_ept_v10.kitchen_categ,656
Occasion657,Occasion,amazon_ept_v10.kitchen_categ,657
StyleName658,StyleName,amazon_ept_v10.kitchen_categ,658
Weight-Length-Color659,Weight-Length-Color,amazon_ept_v10.kitchen_categ,659
Occasion-Size-Color660,Occasion-Size-Color,amazon_ept_v10.kitchen_categ,660
Weight-Length-Material661,Weight-Length-Material,amazon_ept_v10.kitchen_categ,661
Weight-Length-StyleName662,Weight-Length-StyleName,amazon_ept_v10.kitchen_categ,662
PatternName-Size-Occasion  663,PatternName-Size-Occasion  ,amazon_ept_v10.kitchen_categ,663
Sizeplambing_fixtures,Size,amazon_ept_v10.plumbingfixtures,664
Colorplambing_fixtures,Color,amazon_ept_v10.plumbingfixtures,665
Materialplambing_fixtures,Material,amazon_ept_v10.plumbingfixtures,666
ItemWeightplambing_fixtures,ItemWeight,amazon_ept_v10.plumbingfixtures,667
Size-Colorplambing_fixtures,Size-Color,amazon_ept_v10.plumbingfixtures,668
ItemPackageQuantityplambing_fixtures,ItemPackageQuantity,amazon_ept_v10.plumbingfixtures,669
Size670,Size,amazon_ept_v10.outdoorliving,670
Color671,Color,amazon_ept_v10.outdoorliving,671
Size-Color672,Size-Color,amazon_ept_v10.outdoorliving,672
ItemDisplayLength-ItemDisplayWidth673,ItemDisplayLength-ItemDisplayWidth,amazon_ept_v10.outdoorliving,673
ItemDisplayLength-MaterialType674,ItemDisplayLength-MaterialType,amazon_ept_v10.outdoorliving,674
ItemDisplayLength-SizeName675,ItemDisplayLength-SizeName,amazon_ept_v10.outdoorliving,675
ItemDisplayLength-ColorName676,ItemDisplayLength-ColorName,amazon_ept_v10.outdoorliving,676
ItemDisplayLength-ItemDisplayHeight677,ItemDisplayLength-ItemDisplayHeight,amazon_ept_v10.outdoorliving,677
ItemDisplayWidth-MaterialType678,ItemDisplayWidth-MaterialType,amazon_ept_v10.outdoorliving,678
ItemDisplayWidth-SizeName679,ItemDisplayWidth-SizeName,amazon_ept_v10.outdoorliving,679
ItemDisplayWidth-ColorName680,ItemDisplayWidth-ColorName,amazon_ept_v10.outdoorliving,680
ItemDisplayWidth-ItemDisplayHeight681,ItemDisplayWidth-ItemDisplayHeight,amazon_ept_v10.outdoorliving,681
ItemPackageQuantity-MaterialType682,ItemPackageQuantity-MaterialType,amazon_ept_v10.outdoorliving,682
ItemPackageQuantity-SizeName683,ItemPackageQuantity-SizeName,amazon_ept_v10.outdoorliving,683
ItemPackageQuantity-ColorName684,ItemPackageQuantity-ColorName,amazon_ept_v10.outdoorliving,684
ItemPackageQuantity-ItemDisplayHeight685,ItemPackageQuantity-ItemDisplayHeight,amazon_ept_v10.outdoorliving,685
ItemDisplayWeight-ItemPackageQuantity686,ItemDisplayWeight-ItemPackageQuantity,amazon_ept_v10.outdoorliving,686
ItemDisplayWeight-MaterialType687,ItemDisplayWeight-MaterialType,amazon_ept_v10.outdoorliving,687
ItemDisplayWeight-SizeName688,ItemDisplayWeight-SizeName,amazon_ept_v10.outdoorliving,688
ItemDisplayWeight-ColorName689,ItemDisplayWeight-ColorName,amazon_ept_v10.outdoorliving,689
ItemDisplayWeight-ItemDisplayHeight690,ItemDisplayWeight-ItemDisplayHeight,amazon_ept_v10.outdoorliving,690
MaterialType-ItemDisplayLength691,MaterialType-ItemDisplayLength,amazon_ept_v10.outdoorliving,691
MaterialType-ItemDisplayWidth692,MaterialType-ItemDisplayWidth,amazon_ept_v10.outdoorliving,692
MaterialType-SizeName693,MaterialType-SizeName,amazon_ept_v10.outdoorliving,693
MaterialType-ColorName694,MaterialType-ColorName,amazon_ept_v10.outdoorliving,694
MaterialType-ItemDisplayHeight695,MaterialType-ItemDisplayHeight,amazon_ept_v10.outdoorliving,695
SizeName-ItemDisplayLength696,SizeName-ItemDisplayLength,amazon_ept_v10.outdoorliving,696
SizeName-ItemDisplayWidth697,SizeName-ItemDisplayWidth,amazon_ept_v10.outdoorliving,697
SizeName-ItemDisplayWeight698,SizeName-ItemDisplayWeight,amazon_ept_v10.outdoorliving,698
SizeName-MaterialType699,SizeName-MaterialType,amazon_ept_v10.outdoorliving,699
SizeName-ColorName700,SizeName-ColorName,amazon_ept_v10.outdoorliving,700
SizeName-ItemDisplayHeight701,SizeName-ItemDisplayHeight,amazon_ept_v10.outdoorliving,701
ColorName-ItemDisplayLength702,ColorName-ItemDisplayLength,amazon_ept_v10.outdoorliving,702
ColorName-ItemDisplayWidth703,ColorName-ItemDisplayWidth,amazon_ept_v10.outdoorliving,703
ColorName-ItemPackageQuantity704,ColorName-ItemPackageQuantity,amazon_ept_v10.outdoorliving,704
ColorName-ItemDisplayWeight705,ColorName-ItemDisplayWeight,amazon_ept_v10.outdoorliving,705
ColorName-MaterialType706,ColorName-MaterialType,amazon_ept_v10.outdoorliving,706
ColorName-SizeName707,ColorName-SizeName,amazon_ept_v10.outdoorliving,707
ColorName-ItemDisplayHeight708,ColorName-ItemDisplayHeight,amazon_ept_v10.outdoorliving,708
ItemDisplayHeight709,ItemDisplayHeight,amazon_ept_v10.outdoorliving,709
MaterialType710,MaterialType,amazon_ept_v10.outdoorliving,710
ItemDisplayWeight711,ItemDisplayWeight,amazon_ept_v10.outdoorliving,711
ItemDisplayLength712,ItemDisplayLength,amazon_ept_v10.outdoorliving,712
ItemPackageQuantity713,ItemPackageQuantity,amazon_ept_v10.outdoorliving,713
ItemDisplayLength-PatternName714,ItemDisplayLength-PatternName,amazon_ept_v10.outdoorliving,714
ItemDisplayLength-StyleName715,ItemDisplayLength-StyleName,amazon_ept_v10.outdoorliving,715
ItemDisplayWidth-PatternName716,ItemDisplayWidth-PatternName,amazon_ept_v10.outdoorliving,716
ItemDisplayWidth-StyleName717,ItemDisplayWidth-StyleName,amazon_ept_v10.outdoorliving,717
Occasion-PatternName718,Occasion-PatternName,amazon_ept_v10.outdoorliving,718
Occasion-ItemPackageQuantity719,Occasion-ItemPackageQuantity,amazon_ept_v10.outdoorliving,719
Occasion-MaterialType720,Occasion-MaterialType,amazon_ept_v10.outdoorliving,720
Occasion-StyleName721,Occasion-StyleName,amazon_ept_v10.outdoorliving,721
Occasion-SizeName722,Occasion-SizeName,amazon_ept_v10.outdoorliving,722
Occasion-ColorName723,Occasion-ColorName,amazon_ept_v10.outdoorliving,723
Occasion-ItemDisplayHeight724,Occasion-ItemDisplayHeight,amazon_ept_v10.outdoorliving,724
PatternName-ItemDisplayLength725,PatternName-ItemDisplayLength,amazon_ept_v10.outdoorliving,725
PatternName-ItemDisplayWidth726,PatternName-ItemDisplayWidth,amazon_ept_v10.outdoorliving,726
PatternName-Occasion727,PatternName-Occasion,amazon_ept_v10.outdoorliving,727
PatternName-MaterialType728,PatternName-MaterialType,amazon_ept_v10.outdoorliving,728
PatternName-StyleName729,PatternName-StyleName,amazon_ept_v10.outdoorliving,729
PatternName-SizeName730,PatternName-SizeName,amazon_ept_v10.outdoorliving,730
PatternName-ColorName731,PatternName-ColorName,amazon_ept_v10.outdoorliving,731
PatternName-ItemDisplayHeight732,PatternName-ItemDisplayHeight,amazon_ept_v10.outdoorliving,732
MatteStyle-MaterialType733,MatteStyle-MaterialType,amazon_ept_v10.outdoorliving,733
MatteStyle-StyleName734,MatteStyle-StyleName,amazon_ept_v10.outdoorliving,734
MatteStyle-SizeName735,MatteStyle-SizeName,amazon_ept_v10.outdoorliving,735
MatteStyle-ColorName736,MatteStyle-ColorName,amazon_ept_v10.outdoorliving,736
ItemPackageQuantity-Occasion737,ItemPackageQuantity-Occasion,amazon_ept_v10.outdoorliving,737
ItemPackageQuantity-StyleName738,ItemPackageQuantity-StyleName,amazon_ept_v10.outdoorliving,738
ItemDisplayWeight-StyleName739,ItemDisplayWeight-StyleName,amazon_ept_v10.outdoorliving,739
MaterialType-PatternName740,MaterialType-PatternName,amazon_ept_v10.outdoorliving,740
MaterialType-MatteStyle741,MaterialType-MatteStyle,amazon_ept_v10.outdoorliving,741
MaterialType-StyleName742,MaterialType-StyleName,amazon_ept_v10.outdoorliving,742
StyleName-ItemDisplayLength743,StyleName-ItemDisplayLength,amazon_ept_v10.outdoorliving,743
StyleName-ItemDisplayWidth744,StyleName-ItemDisplayWidth,amazon_ept_v10.outdoorliving,744
StyleName-Occasion745,StyleName-Occasion,amazon_ept_v10.outdoorliving,745
StyleName-PatternName746,StyleName-PatternName,amazon_ept_v10.outdoorliving,746
StyleName-ItemDisplayWeight747,StyleName-ItemDisplayWeight,amazon_ept_v10.outdoorliving,747
StyleName-MaterialType748,StyleName-MaterialType,amazon_ept_v10.outdoorliving,748
StyleName-SizeName749,StyleName-SizeName,amazon_ept_v10.outdoorliving,749
StyleName-ColorName750,StyleName-ColorName,amazon_ept_v10.outdoorliving,750
SizeName-Occasion751,SizeName-Occasion,amazon_ept_v10.outdoorliving,751
SizeName-PatternName752,SizeName-PatternName,amazon_ept_v10.outdoorliving,752
SizeName-MatteStyle753,SizeName-MatteStyle,amazon_ept_v10.outdoorliving,753
SizeName-StyleName754,SizeName-StyleName,amazon_ept_v10.outdoorliving,754
ColorName-Occasion755,ColorName-Occasion,amazon_ept_v10.outdoorliving,755
ColorName-PatternName756,ColorName-PatternName,amazon_ept_v10.outdoorliving,756
ColorName-MatteStyle757,ColorName-MatteStyle,amazon_ept_v10.outdoorliving,757
ColorName-StyleName758,ColorName-StyleName,amazon_ept_v10.outdoorliving,758
MatteStyle759,MatteStyle,amazon_ept_v10.outdoorliving,759
PatternName760,PatternName,amazon_ept_v10.outdoorliving,760
Occasion761,Occasion,amazon_ept_v10.outdoorliving,761
StyleName762,StyleName,amazon_ept_v10.outdoorliving,762
ScentName										763,ScentName										,amazon_ept_v10.outdoorliving,763
CustomerPackageType764,CustomerPackageType,amazon_ept_v10.outdoorliving,764
ColorName-CustomerPackageType765,ColorName-CustomerPackageType,amazon_ept_v10.outdoorliving,765
SizeName-CustomerPackageType766,SizeName-CustomerPackageType,amazon_ept_v10.outdoorliving,766
SizeName-ColorName-CustomerPackageType767,SizeName-ColorName-CustomerPackageType,amazon_ept_v10.outdoorliving,767
StyleName-CustomerPackageType768,StyleName-CustomerPackageType,amazon_ept_v10.outdoorliving,768
SizeName-StyleName-CustomerPackageType769,SizeName-StyleName-CustomerPackageType,amazon_ept_v10.outdoorliving,769
MetalType770,MetalType,amazon_ept_v10.outdoorliving,770
Size771,Size,amazon_ept_v10.seedsandplants,771
Color772,Color,amazon_ept_v10.seedsandplants,772
Size-Color773,Size-Color,amazon_ept_v10.seedsandplants,773
StyleName774,StyleName,amazon_ept_v10.seedsandplants,774
ScentName										775,ScentName										,amazon_ept_v10.seedsandplants,775
CustomerPackageType776,CustomerPackageType,amazon_ept_v10.seedsandplants,776
ColorName-CustomerPackageType777,ColorName-CustomerPackageType,amazon_ept_v10.seedsandplants,777
SizeName-CustomerPackageType778,SizeName-CustomerPackageType,amazon_ept_v10.seedsandplants,778
SizeName-ColorName-CustomerPackageType779,SizeName-ColorName-CustomerPackageType,amazon_ept_v10.seedsandplants,779
StyleName-CustomerPackageType780,StyleName-CustomerPackageType,amazon_ept_v10.seedsandplants,780
SizeName-StyleName-CustomerPackageType781,SizeName-StyleName-CustomerPackageType,amazon_ept_v10.seedsandplants,781
Size782,Size,amazon_ept_v10.art_categ,782
Color783,Color,amazon_ept_v10.art_categ,783
Scent784,Scent,amazon_ept_v10.art_categ,784
Size-Color785,Size-Color,amazon_ept_v10.art_categ,785
Size-Scent786,Size-Scent,amazon_ept_v10.art_categ,786
DisplayLength-DisplayWidth787,DisplayLength-DisplayWidth,amazon_ept_v10.art_categ,787
DisplayLength-Material788,DisplayLength-Material,amazon_ept_v10.art_categ,788
DisplayLength-Size789,DisplayLength-Size,amazon_ept_v10.art_categ,789
DisplayLength-Color790,DisplayLength-Color,amazon_ept_v10.art_categ,790
DisplayLength-DisplayHeight791,DisplayLength-DisplayHeight,amazon_ept_v10.art_categ,791
DisplayWidth-Material792,DisplayWidth-Material,amazon_ept_v10.art_categ,792
DisplayWidth-Size793,DisplayWidth-Size,amazon_ept_v10.art_categ,793
DisplayWidth-Color794,DisplayWidth-Color,amazon_ept_v10.art_categ,794
DisplayWidth-DisplayHeight795,DisplayWidth-DisplayHeight,amazon_ept_v10.art_categ,795
ItemPackageQuantity-Material796,ItemPackageQuantity-Material,amazon_ept_v10.art_categ,796
ItemPackageQuantity-Size797,ItemPackageQuantity-Size,amazon_ept_v10.art_categ,797
ItemPackageQuantity-Color798,ItemPackageQuantity-Color,amazon_ept_v10.art_categ,798
ItemPackageQuantity-DisplayHeight799,ItemPackageQuantity-DisplayHeight,amazon_ept_v10.art_categ,799
DisplayWeight-ItemPackageQuantity800,DisplayWeight-ItemPackageQuantity,amazon_ept_v10.art_categ,800
DisplayWeight-Material801,DisplayWeight-Material,amazon_ept_v10.art_categ,801
DisplayWeight-Size802,DisplayWeight-Size,amazon_ept_v10.art_categ,802
DisplayWeight-Color803,DisplayWeight-Color,amazon_ept_v10.art_categ,803
DisplayWeight-DisplayHeight804,DisplayWeight-DisplayHeight,amazon_ept_v10.art_categ,804
Material-DisplayLength805,Material-DisplayLength,amazon_ept_v10.art_categ,805
Material-DisplayWidth806,Material-DisplayWidth,amazon_ept_v10.art_categ,806
Material-Size807,Material-Size,amazon_ept_v10.art_categ,807
Material-Color808,Material-Color,amazon_ept_v10.art_categ,808
Material-DisplayHeight809,Material-DisplayHeight,amazon_ept_v10.art_categ,809
Size-DisplayLength810,Size-DisplayLength,amazon_ept_v10.art_categ,810
Size-DisplayWidth811,Size-DisplayWidth,amazon_ept_v10.art_categ,811
Size-DisplayWeight812,Size-DisplayWeight,amazon_ept_v10.art_categ,812
Size-Material813,Size-Material,amazon_ept_v10.art_categ,813
Size-Color814,Size-Color,amazon_ept_v10.art_categ,814
Size-DisplayHeight815,Size-DisplayHeight,amazon_ept_v10.art_categ,815
Color-DisplayLength816,Color-DisplayLength,amazon_ept_v10.art_categ,816
Color-DisplayWidth817,Color-DisplayWidth,amazon_ept_v10.art_categ,817
Color-ItemPackageQuantity818,Color-ItemPackageQuantity,amazon_ept_v10.art_categ,818
Color-DisplayWeight819,Color-DisplayWeight,amazon_ept_v10.art_categ,819
Color-Material820,Color-Material,amazon_ept_v10.art_categ,820
Color-Size821,Color-Size,amazon_ept_v10.art_categ,821
Color-DisplayHeight822,Color-DisplayHeight,amazon_ept_v10.art_categ,822
DisplayHeight823,DisplayHeight,amazon_ept_v10.art_categ,823
Material824,Material,amazon_ept_v10.art_categ,824
DisplayWeight825,DisplayWeight,amazon_ept_v10.art_categ,825
DisplayLength826,DisplayLength,amazon_ept_v10.art_categ,826
ItemPackageQuantity827,ItemPackageQuantity,amazon_ept_v10.art_categ,827
DisplayLength-PatternName828,DisplayLength-PatternName,amazon_ept_v10.art_categ,828
DisplayLength-StyleName829,DisplayLength-StyleName,amazon_ept_v10.art_categ,829
DisplayWidth-PatternName830,DisplayWidth-PatternName,amazon_ept_v10.art_categ,830
DisplayWidth-StyleName831,DisplayWidth-StyleName,amazon_ept_v10.art_categ,831
Occasion-PatternName832,Occasion-PatternName,amazon_ept_v10.art_categ,832
Occasion-ItemPackageQuantity833,Occasion-ItemPackageQuantity,amazon_ept_v10.art_categ,833
Occasion-Material834,Occasion-Material,amazon_ept_v10.art_categ,834
Occasion-StyleName835,Occasion-StyleName,amazon_ept_v10.art_categ,835
Occasion-Size836,Occasion-Size,amazon_ept_v10.art_categ,836
Occasion-Color837,Occasion-Color,amazon_ept_v10.art_categ,837
Occasion-DisplayHeight838,Occasion-DisplayHeight,amazon_ept_v10.art_categ,838
PatternName-DisplayLength839,PatternName-DisplayLength,amazon_ept_v10.art_categ,839
PatternName-DisplayWidth840,PatternName-DisplayWidth,amazon_ept_v10.art_categ,840
PatternName-Occasion841,PatternName-Occasion,amazon_ept_v10.art_categ,841
PatternName-Material842,PatternName-Material,amazon_ept_v10.art_categ,842
PatternName-StyleName843,PatternName-StyleName,amazon_ept_v10.art_categ,843
PatternName-Size844,PatternName-Size,amazon_ept_v10.art_categ,844
PatternName-Color845,PatternName-Color,amazon_ept_v10.art_categ,845
PatternName-DisplayHeight846,PatternName-DisplayHeight,amazon_ept_v10.art_categ,846
MatteStyle-Material847,MatteStyle-Material,amazon_ept_v10.art_categ,847
MatteStyle-StyleName848,MatteStyle-StyleName,amazon_ept_v10.art_categ,848
MatteStyle-Size849,MatteStyle-Size,amazon_ept_v10.art_categ,849
MatteStyle-Color850,MatteStyle-Color,amazon_ept_v10.art_categ,850
ItemPackageQuantity-Occasion851,ItemPackageQuantity-Occasion,amazon_ept_v10.art_categ,851
ItemPackageQuantity-StyleName852,ItemPackageQuantity-StyleName,amazon_ept_v10.art_categ,852
DisplayWeight-StyleName853,DisplayWeight-StyleName,amazon_ept_v10.art_categ,853
Material-PatternName854,Material-PatternName,amazon_ept_v10.art_categ,854
Material-MatteStyle855,Material-MatteStyle,amazon_ept_v10.art_categ,855
Material-StyleName856,Material-StyleName,amazon_ept_v10.art_categ,856
StyleName-DisplayLength857,StyleName-DisplayLength,amazon_ept_v10.art_categ,857
StyleName-DisplayWidth858,StyleName-DisplayWidth,amazon_ept_v10.art_categ,858
StyleName-Occasion859,StyleName-Occasion,amazon_ept_v10.art_categ,859
StyleName-PatternName860,StyleName-PatternName,amazon_ept_v10.art_categ,860
StyleName-DisplayWeight861,StyleName-DisplayWeight,amazon_ept_v10.art_categ,861
StyleName-Material862,StyleName-Material,amazon_ept_v10.art_categ,862
StyleName-Size863,StyleName-Size,amazon_ept_v10.art_categ,863
StyleName-Color864,StyleName-Color,amazon_ept_v10.art_categ,864
Size-Occasion865,Size-Occasion,amazon_ept_v10.art_categ,865
Size-PatternName866,Size-PatternName,amazon_ept_v10.art_categ,866
Size-MatteStyle867,Size-MatteStyle,amazon_ept_v10.art_categ,867
Size-StyleName868,Size-StyleName,amazon_ept_v10.art_categ,868
Color-Occasion869,Color-Occasion,amazon_ept_v10.art_categ,869
Color-PatternName870,Color-PatternName,amazon_ept_v10.art_categ,870
Color-MatteStyle871,Color-MatteStyle,amazon_ept_v10.art_categ,871
Color-StyleName872,Color-StyleName,amazon_ept_v10.art_categ,872
MatteStyle873,MatteStyle,amazon_ept_v10.art_categ,873
PatternName874,PatternName,amazon_ept_v10.art_categ,874
Occasion875,Occasion,amazon_ept_v10.art_categ,875
StyleName876,StyleName,amazon_ept_v10.art_categ,876
CustomerPackageType877,CustomerPackageType,amazon_ept_v10.art_categ,877
ColorName-CustomerPackageType878,ColorName-CustomerPackageType,amazon_ept_v10.art_categ,878
SizeName-CustomerPackageType879,SizeName-CustomerPackageType,amazon_ept_v10.art_categ,879
SizeName-ColorName-CustomerPackageType880,SizeName-ColorName-CustomerPackageType,amazon_ept_v10.art_categ,880
StyleName-CustomerPackageType881,StyleName-CustomerPackageType,amazon_ept_v10.art_categ,881
SizeName-StyleName-CustomerPackageType882,SizeName-StyleName-CustomerPackageType,amazon_ept_v10.art_categ,882
Size883,Size,amazon_ept_v10.food_categ,883
Flavor884,Flavor,amazon_ept_v10.food_categ,884
Flavor-Size885,Flavor-Size,amazon_ept_v10.food_categ,885
PatternName886,PatternName,amazon_ept_v10.food_categ,886
Size887,Size,amazon_ept_v10.householdsupplies,887
Flavor888,Flavor,amazon_ept_v10.householdsupplies,888
Flavor-Size889,Flavor-Size,amazon_ept_v10.householdsupplies,889
PatternName890,PatternName,amazon_ept_v10.householdsupplies,890
Size891,Size,amazon_ept_v10.beverages,891
Flavor892,Flavor,amazon_ept_v10.beverages,892
Flavor-Size893,Flavor-Size,amazon_ept_v10.beverages,893
PatternName894,PatternName,amazon_ept_v10.beverages,894
Size895,Size,amazon_ept_v10.hardliquor,895
Flavor896,Flavor,amazon_ept_v10.hardliquor,896
Flavor-Size897,Flavor-Size,amazon_ept_v10.hardliquor,897
PatternName898,PatternName,amazon_ept_v10.hardliquor,898
Size899,Size,amazon_ept_v10.alcoholicbeverages,899
Flavor900,Flavor,amazon_ept_v10.alcoholicbeverages,900
Flavor-Size901,Flavor-Size,amazon_ept_v10.alcoholicbeverages,901
PatternName902,PatternName,amazon_ept_v10.alcoholicbeverages,902
Size903,Size,amazon_ept_v10.wine_categ,903
Flavor904,Flavor,amazon_ept_v10.wine_categ,904
Flavor-Size905,Flavor-Size,amazon_ept_v10.wine_categ,905
PatternName906,PatternName,amazon_ept_v10.wine_categ,906
BandColor907,BandColor,amazon_ept_v10.watch_ept,907
Color908,Color,amazon_ept_v10.watch_ept,908
StyleName909,StyleName,amazon_ept_v10.watch_ept,909
Length910,Length,amazon_ept_v10.fashionnecklacebraceletanklet,910
MetalType911,MetalType,amazon_ept_v10.fashionnecklacebraceletanklet,911
Length-MetalType912,Length-MetalType,amazon_ept_v10.fashionnecklacebraceletanklet,912
Color913,Color,amazon_ept_v10.fashionnecklacebraceletanklet,913
StyleName914,StyleName,amazon_ept_v10.fashionnecklacebraceletanklet,914
Diameter915,Diameter,amazon_ept_v10.fashionnecklacebraceletanklet,915
DisplayWeight916,DisplayWeight,amazon_ept_v10.fashionnecklacebraceletanklet,916
RingSize917,RingSize,amazon_ept_v10.fashionring,917
MetalType918,MetalType,amazon_ept_v10.fashionring,918
MetalType-RingSize919,MetalType-RingSize,amazon_ept_v10.fashionring,919
Color920,Color,amazon_ept_v10.fashionring,920
StyleName921,StyleName,amazon_ept_v10.fashionring,921
Diameter922,Diameter,amazon_ept_v10.fashionring,922
DisplayWeight923,DisplayWeight,amazon_ept_v10.fashionring,923
MetalType924,MetalType,amazon_ept_v10.fashionearring,924
Color925,Color,amazon_ept_v10.fashionearring,925
StyleName926,StyleName,amazon_ept_v10.fashionearring,926
Diameter927,Diameter,amazon_ept_v10.fashionearring,927
DisplayWeight928,DisplayWeight,amazon_ept_v10.fashionearring,928
Length929,Length,amazon_ept_v10.fashionother,929
MetalType930,MetalType,amazon_ept_v10.fashionother,930
Length-MetalType931,Length-MetalType,amazon_ept_v10.fashionother,931
Color932,Color,amazon_ept_v10.fashionother,932
StyleName933,StyleName,amazon_ept_v10.fashionother,933
Diameter934,Diameter,amazon_ept_v10.fashionother,934
DisplayWeight935,DisplayWeight,amazon_ept_v10.fashionother,935
Length936,Length,amazon_ept_v10.finenecklacevraceletanklet,936
MetalType937,MetalType,amazon_ept_v10.finenecklacevraceletanklet,937
SizePerPearl938,SizePerPearl,amazon_ept_v10.finenecklacevraceletanklet,938
TotalDiamondWeight939,TotalDiamondWeight,amazon_ept_v10.finenecklacevraceletanklet,939
Length-TotalDiamondWeight940,Length-TotalDiamondWeight,amazon_ept_v10.finenecklacevraceletanklet,940
Length-SizePerPearl941,Length-SizePerPearl,amazon_ept_v10.finenecklacevraceletanklet,941
MetalType-TotalDiamondWeight942,MetalType-TotalDiamondWeight,amazon_ept_v10.finenecklacevraceletanklet,942
MetalType-SizePerPearl943,MetalType-SizePerPearl,amazon_ept_v10.finenecklacevraceletanklet,943
MetalStamp944,MetalStamp,amazon_ept_v10.finenecklacevraceletanklet,944
GemType945,GemType,amazon_ept_v10.finenecklacevraceletanklet,945
GemType-MetalType946,GemType-MetalType,amazon_ept_v10.finenecklacevraceletanklet,946
MetalType-MetalStamp947,MetalType-MetalStamp,amazon_ept_v10.finenecklacevraceletanklet,947
MetalType-Length948,MetalType-Length,amazon_ept_v10.finenecklacevraceletanklet,948
GemType-Length949,GemType-Length,amazon_ept_v10.finenecklacevraceletanklet,949
StoneShape-MetalType950,StoneShape-MetalType,amazon_ept_v10.finenecklacevraceletanklet,950
Color951,Color,amazon_ept_v10.finenecklacevraceletanklet,951
StyleName952,StyleName,amazon_ept_v10.finenecklacevraceletanklet,952
Diameter953,Diameter,amazon_ept_v10.finenecklacevraceletanklet,953
DisplayWeight954,DisplayWeight,amazon_ept_v10.finenecklacevraceletanklet,954
Length955,Length,amazon_ept_v10.finering,955
MetalType956,MetalType,amazon_ept_v10.finering,956
SizePerPearl957,SizePerPearl,amazon_ept_v10.finering,957
TotalDiamondWeight958,TotalDiamondWeight,amazon_ept_v10.finering,958
Length-TotalDiamondWeight959,Length-TotalDiamondWeight,amazon_ept_v10.finering,959
Length-SizePerPearl960,Length-SizePerPearl,amazon_ept_v10.finering,960
MetalType-TotalDiamondWeight961,MetalType-TotalDiamondWeight,amazon_ept_v10.finering,961
MetalType-SizePerPearl962,MetalType-SizePerPearl,amazon_ept_v10.finering,962
MetalStamp963,MetalStamp,amazon_ept_v10.finering,963
GemType964,GemType,amazon_ept_v10.finering,964
GemType-MetalType965,GemType-MetalType,amazon_ept_v10.finering,965
MetalType-MetalStamp966,MetalType-MetalStamp,amazon_ept_v10.finering,966
MetalType-Length967,MetalType-Length,amazon_ept_v10.finering,967
GemType-Length968,GemType-Length,amazon_ept_v10.finering,968
StoneShape-MetalType969,StoneShape-MetalType,amazon_ept_v10.finering,969
Color970,Color,amazon_ept_v10.finering,970
StyleName971,StyleName,amazon_ept_v10.finering,971
Diameter972,Diameter,amazon_ept_v10.finering,972
DisplayWeight973,DisplayWeight,amazon_ept_v10.finering,973
MetalType974,MetalType,amazon_ept_v10.fineearring,974
SizePerPearl975,SizePerPearl,amazon_ept_v10.fineearring,975
TotalDiamondWeight976,TotalDiamondWeight,amazon_ept_v10.fineearring,976
MetalType-TotalDiamondWeight977,MetalType-TotalDiamondWeight,amazon_ept_v10.fineearring,977
MetalType-SizePerPearl978,MetalType-SizePerPearl,amazon_ept_v10.fineearring,978
MetalStamp979,MetalStamp,amazon_ept_v10.fineearring,979
GemType980,GemType,amazon_ept_v10.fineearring,980
GemType-MetalType981,GemType-MetalType,amazon_ept_v10.fineearring,981
MetalType-MetalStamp982,MetalType-MetalStamp,amazon_ept_v10.fineearring,982
StoneShape-MetalType983,StoneShape-MetalType,amazon_ept_v10.fineearring,983
Color984,Color,amazon_ept_v10.fineearring,984
StyleName985,StyleName,amazon_ept_v10.fineearring,985
Diameter986,Diameter,amazon_ept_v10.fineearring,986
DisplayWeight987,DisplayWeight,amazon_ept_v10.fineearring,987
Length988,Length,amazon_ept_v10.fineother,988
MetalType989,MetalType,amazon_ept_v10.fineother,989
SizePerPearl990,SizePerPearl,amazon_ept_v10.fineother,990
TotalDiamondWeight991,TotalDiamondWeight,amazon_ept_v10.fineother,991
Length-TotalDiamondWeight992,Length-TotalDiamondWeight,amazon_ept_v10.fineother,992
Length-SizePerPearl993,Length-SizePerPearl,amazon_ept_v10.fineother,993
MetalType-TotalDiamondWeight994,MetalType-TotalDiamondWeight,amazon_ept_v10.fineother,994
MetalType-SizePerPearl995,MetalType-SizePerPearl,amazon_ept_v10.fineother,995
Color996,Color,amazon_ept_v10.fineother,996
StyleName997,StyleName,amazon_ept_v10.fineother,997
Diameter998,Diameter,amazon_ept_v10.fineother,998
DisplayWeight999,DisplayWeight,amazon_ept_v10.fineother,999
Size1000,Size,amazon_ept_v10.home_categ_child,1000
Color1001,Color,amazon_ept_v10.home_categ_child,1001
Scent1002,Scent,amazon_ept_v10.home_categ_child,1002
Size-Color1003,Size-Color,amazon_ept_v10.home_categ_child,1003
Size-Scent1004,Size-Scent,amazon_ept_v10.home_categ_child,1004
DisplayLength-DisplayWidth1005,DisplayLength-DisplayWidth,amazon_ept_v10.home_categ_child,1005
DisplayLength-Material1006,DisplayLength-Material,amazon_ept_v10.home_categ_child,1006
DisplayLength-Size1007,DisplayLength-Size,amazon_ept_v10.home_categ_child,1007
DisplayLength-Color1008,DisplayLength-Color,amazon_ept_v10.home_categ_child,1008
DisplayLength-DisplayHeight1009,DisplayLength-DisplayHeight,amazon_ept_v10.home_categ_child,1009
DisplayWidth-Material1010,DisplayWidth-Material,amazon_ept_v10.home_categ_child,1010
DisplayWidth-Size1011,DisplayWidth-Size,amazon_ept_v10.home_categ_child,1011
DisplayWidth-Color1012,DisplayWidth-Color,amazon_ept_v10.home_categ_child,1012
DisplayWidth-DisplayHeight1013,DisplayWidth-DisplayHeight,amazon_ept_v10.home_categ_child,1013
ItemPackageQuantity-Material1014,ItemPackageQuantity-Material,amazon_ept_v10.home_categ_child,1014
ItemPackageQuantity-Size1015,ItemPackageQuantity-Size,amazon_ept_v10.home_categ_child,1015
ItemPackageQuantity-Color1016,ItemPackageQuantity-Color,amazon_ept_v10.home_categ_child,1016
ItemPackageQuantity-DisplayHeight1017,ItemPackageQuantity-DisplayHeight,amazon_ept_v10.home_categ_child,1017
DisplayWeight-ItemPackageQuantity1018,DisplayWeight-ItemPackageQuantity,amazon_ept_v10.home_categ_child,1018
DisplayWeight-Material1019,DisplayWeight-Material,amazon_ept_v10.home_categ_child,1019
DisplayWeight-Size1020,DisplayWeight-Size,amazon_ept_v10.home_categ_child,1020
DisplayWeight-Color1021,DisplayWeight-Color,amazon_ept_v10.home_categ_child,1021
DisplayWeight-DisplayHeight1022,DisplayWeight-DisplayHeight,amazon_ept_v10.home_categ_child,1022
Material-DisplayLength1023,Material-DisplayLength,amazon_ept_v10.home_categ_child,1023
Material-DisplayWidth1024,Material-DisplayWidth,amazon_ept_v10.home_categ_child,1024
Material-Size1025,Material-Size,amazon_ept_v10.home_categ_child,1025
Material-Color1026,Material-Color,amazon_ept_v10.home_categ_child,1026
Material-DisplayHeight1027,Material-DisplayHeight,amazon_ept_v10.home_categ_child,1027
Size-DisplayLength1028,Size-DisplayLength,amazon_ept_v10.home_categ_child,1028
Size-DisplayWidth1029,Size-DisplayWidth,amazon_ept_v10.home_categ_child,1029
Size-DisplayWeight1030,Size-DisplayWeight,amazon_ept_v10.home_categ_child,1030
Size-Material1031,Size-Material,amazon_ept_v10.home_categ_child,1031
Size-Color1032,Size-Color,amazon_ept_v10.home_categ_child,1032
Size-DisplayHeight1033,Size-DisplayHeight,amazon_ept_v10.home_categ_child,1033
Color-DisplayLength1034,Color-DisplayLength,amazon_ept_v10.home_categ_child,1034
Color-DisplayWidth1035,Color-DisplayWidth,amazon_ept_v10.home_categ_child,1035
Color-ItemPackageQuantity1036,Color-ItemPackageQuantity,amazon_ept_v10.home_categ_child,1036
Color-DisplayWeight1037,Color-DisplayWeight,amazon_ept_v10.home_categ_child,1037
Color-Material1038,Color-Material,amazon_ept_v10.home_categ_child,1038
Color-Size1039,Color-Size,amazon_ept_v10.home_categ_child,1039
Color-DisplayHeight1040,Color-DisplayHeight,amazon_ept_v10.home_categ_child,1040
DisplayHeight1041,DisplayHeight,amazon_ept_v10.home_categ_child,1041
Material1042,Material,amazon_ept_v10.home_categ_child,1042
DisplayWeight1043,DisplayWeight,amazon_ept_v10.home_categ_child,1043
DisplayLength1044,DisplayLength,amazon_ept_v10.home_categ_child,1044
ItemPackageQuantity1045,ItemPackageQuantity,amazon_ept_v10.home_categ_child,1045
DisplayLength-PatternName1046,DisplayLength-PatternName,amazon_ept_v10.home_categ_child,1046
DisplayLength-StyleName1047,DisplayLength-StyleName,amazon_ept_v10.home_categ_child,1047
DisplayWidth-PatternName1048,DisplayWidth-PatternName,amazon_ept_v10.home_categ_child,1048
DisplayWidth-StyleName1049,DisplayWidth-StyleName,amazon_ept_v10.home_categ_child,1049
Occasion-PatternName1050,Occasion-PatternName,amazon_ept_v10.home_categ_child,1050
Occasion-ItemPackageQuantity1051,Occasion-ItemPackageQuantity,amazon_ept_v10.home_categ_child,1051
Occasion-Material1052,Occasion-Material,amazon_ept_v10.home_categ_child,1052
Occasion-StyleName1053,Occasion-StyleName,amazon_ept_v10.home_categ_child,1053
Occasion-Size1054,Occasion-Size,amazon_ept_v10.home_categ_child,1054
Occasion-Color1055,Occasion-Color,amazon_ept_v10.home_categ_child,1055
Occasion-DisplayHeight1056,Occasion-DisplayHeight,amazon_ept_v10.home_categ_child,1056
PatternName-DisplayLength1057,PatternName-DisplayLength,amazon_ept_v10.home_categ_child,1057
PatternName-DisplayWidth1058,PatternName-DisplayWidth,amazon_ept_v10.home_categ_child,1058
PatternName-Occasion1059,PatternName-Occasion,amazon_ept_v10.home_categ_child,1059
PatternName-Material1060,PatternName-Material,amazon_ept_v10.home_categ_child,1060
PatternName-StyleName1061,PatternName-StyleName,amazon_ept_v10.home_categ_child,1061
PatternName-Size1062,PatternName-Size,amazon_ept_v10.home_categ_child,1062
PatternName-Color1063,PatternName-Color,amazon_ept_v10.home_categ_child,1063
PatternName-DisplayHeight1064,PatternName-DisplayHeight,amazon_ept_v10.home_categ_child,1064
MatteStyle-Material1065,MatteStyle-Material,amazon_ept_v10.home_categ_child,1065
MatteStyle-StyleName1066,MatteStyle-StyleName,amazon_ept_v10.home_categ_child,1066
MatteStyle-Size1067,MatteStyle-Size,amazon_ept_v10.home_categ_child,1067
MatteStyle-Color1068,MatteStyle-Color,amazon_ept_v10.home_categ_child,1068
ItemPackageQuantity-Occasion1069,ItemPackageQuantity-Occasion,amazon_ept_v10.home_categ_child,1069
ItemPackageQuantity-StyleName1070,ItemPackageQuantity-StyleName,amazon_ept_v10.home_categ_child,1070
DisplayWeight-StyleName1071,DisplayWeight-StyleName,amazon_ept_v10.home_categ_child,1071
Material-PatternName1072,Material-PatternName,amazon_ept_v10.home_categ_child,1072
Material-MatteStyle1073,Material-MatteStyle,amazon_ept_v10.home_categ_child,1073
Material-StyleName1074,Material-StyleName,amazon_ept_v10.home_categ_child,1074
StyleName-DisplayLength1075,StyleName-DisplayLength,amazon_ept_v10.home_categ_child,1075
StyleName-DisplayWidth1076,StyleName-DisplayWidth,amazon_ept_v10.home_categ_child,1076
StyleName-Occasion1077,StyleName-Occasion,amazon_ept_v10.home_categ_child,1077
StyleName-PatternName1078,StyleName-PatternName,amazon_ept_v10.home_categ_child,1078
StyleName-DisplayWeight1079,StyleName-DisplayWeight,amazon_ept_v10.home_categ_child,1079
StyleName-Material1080,StyleName-Material,amazon_ept_v10.home_categ_child,1080
StyleName-Size1081,StyleName-Size,amazon_ept_v10.home_categ_child,1081
StyleName-Color1082,StyleName-Color,amazon_ept_v10.home_categ_child,1082
Size-Occasion1083,Size-Occasion,amazon_ept_v10.home_categ_child,1083
Size-PatternName1084,Size-PatternName,amazon_ept_v10.home_categ_child,1084
Size-MatteStyle1085,Size-MatteStyle,amazon_ept_v10.home_categ_child,1085
Size-StyleName1086,Size-StyleName,amazon_ept_v10.home_categ_child,1086
Color-Occasion1087,Color-Occasion,amazon_ept_v10.home_categ_child,1087
Color-PatternName1088,Color-PatternName,amazon_ept_v10.home_categ_child,1088
Color-MatteStyle1089,Color-MatteStyle,amazon_ept_v10.home_categ_child,1089
Color-StyleName1090,Color-StyleName,amazon_ept_v10.home_categ_child,1090
MatteStyle1091,MatteStyle,amazon_ept_v10.home_categ_child,1091
PatternName1092,PatternName,amazon_ept_v10.home_categ_child,1092
Occasion1093,Occasion,amazon_ept_v10.home_categ_child,1093
StyleName1094,StyleName,amazon_ept_v10.home_categ_child,1094
CustomerPackageType1095,CustomerPackageType,amazon_ept_v10.home_categ_child,1095
ColorName-CustomerPackageType1096,ColorName-CustomerPackageType,amazon_ept_v10.home_categ_child,1096
SizeName-CustomerPackageType1097,SizeName-CustomerPackageType,amazon_ept_v10.home_categ_child,1097
SizeName-ColorName-CustomerPackageType1098,SizeName-ColorName-CustomerPackageType,amazon_ept_v10.home_categ_child,1098
StyleName-CustomerPackageType1099,StyleName-CustomerPackageType,amazon_ept_v10.home_categ_child,1099
SizeName-StyleName-CustomerPackageType1100,SizeName-StyleName-CustomerPackageType,amazon_ept_v10.home_categ_child,1100
Size type1101,Size type,amazon_ept_v10.home_categ_child,1101
Color type1102,Color type,amazon_ept_v10.home_categ_child,1102
Scent type1103,Scent type,amazon_ept_v10.home_categ_child,1103
CustomerPackageType1104,CustomerPackageType,amazon_ept_v10.home_categ_child,1104
Sizeamazon_consu_ele_ept,Size,amazon_ept_v10.amazon_consu_ele_ept,1105
Coloramazon_consu_ele_ept,Color,amazon_ept_v10.amazon_consu_ele_ept,1106
